Workbook

Sheet Change_Log_v3
A1: ProstaCare Schema — V3 proposed changes
A2: Derived from the prostate-cancer MDT care pathway (NCCN/EAU, India). Every change is marked PROPOSED and awaits clinical sign-off (see DEV_START_GATE B11/B12).
A4: # | B4: Area | C4: Change | D4: Why (pathway capture point)
A5: 1 | B5: Demographics_Entry | C5: + religion, marital_status, education_level, occupation | D5: Patient demographics & risk factors (was captured in the demo, dropped in v2)
A6: 2 | B6: Demographics_Entry | C6: + tobacco_use | D6: Risk factors
A7: 3 | B7: Lab_Results (NEW sheet) | C7: Serial labs: PSA, Testosterone, CBC, RFT, LFT, ALP | D7: Key investigations; 6-weekly monitoring on Pluvicto
A8: 4 | B8: Treatment_Entry | C8: + Surgery section (surgery_type, surgery_date) | D8: Treatment options by stage: surgery
A9: 5 | B9: Treatment_Entry | C9: + Radioligand section (Lu-177 PSMA / Radium-223, cycles, dose, last cycle) | D9: Pluvicto therapy details (cycles, dose, AEs)
A10: 6 | B10: Adverse_Events (NEW sheet) | C10: Structured CTCAE-graded AEs | D10: Adverse events & toxicity
A11: 7 | B11: Outcomes_Entry | C11: + vital_status, date_of_death, cause_of_death | D11: Outcomes: OS (cannot be computed without these)
A12: 8 | B12: Outcomes_Entry | C12: + progression_free_date | D12: Outcomes: PFS
A13: 9 | B13: Bone_Events (NEW sheet) | C13: Skeletal-related events | D13: Outcomes: bone events
A14: 10 | B14: QoL_Assessments (NEW sheet) | C14: EQ-5D-5L / FACT-P | D14: Outcomes: QoL
A15: 11 | B15: Healthcare_Contacts (NEW sheet) | C15: Hospitalisation / ER visit / day-care | D15: Resource utilization
... A20: 16 | B20: Naming | C20: arsi_intensification — pathway calls it ARPI (decision pending) | D20: Terminology alignment
A22: Round 2 — visits & repeat treatment plans
A23: 17 | B23: Visits (NEW sheet) | C23: Every attendance recorded: date, type, disease state, outcome, next visit due | D23: Patient returns repeatedly; drives follow-up tracking
A24: 18 | B24: Treatment_Plans (NEW sheet) | C24: Treatment plan becomes ONE-TO-MANY (a dated version per line of therapy) | D24: A new plan is agreed at progression / toxicity
A25: 19 | B25: Treatment_Entry | C25: treatment_intent, mdt_status, date_of_mdt_review moved to Treatment_Plans | D25: They belong to a plan version, not to the patient
A26: 20 | B26: Dated sheets | C26: OPTIONAL visit_id link on PSA, labs, clinical, treatment, AEs, journey | D26: Groups everything captured at one visit; still valid without it
A27: 21 | B27: Follow-up | C27: next_visit_due_date + disease_state_at_visit drive the 'follow-up overdue' nudge | D27: Protocol intervals by disease state (pathway panel 5)

Sheet Platform_Bible
A1: ProstaCare Platform Bible
A2: A clinical operating system for oncology teams: registry, patient command centre, care-gap engine, cohort analytics, and governed intelligence in one experience.
A5: What It Is A bespoke oncology registry and workflow platform built for hospital teams. It captures structured case data, turns missing steps into visible nudges, and keeps cohort quality measurable. | E5: What It Feels Like Bright, calm, clinical, and high-trust. White surfaces, sky-blue emphasis, dark-blue anchors, rounded cards, quick drilldowns, and very little visual noise.
A10: What Users Do Start the day in triage, open any patient into a longitudinal file, complete workup and treatment state, route gaps to the MDT, and move from dashboard signal back to the exact patient. | E10: What It Captures A de-identified patient code, staging, pathology, imaging, biomarker history, treatment pathway, bone health, approvals, follow-up, outcomes, journey events, gaps, and collaboration touchpoints.
A15: Core Product Promise
A16: Every important cohort signal should be drillable back to a patient, and every important patient gap should be visible as an explainable next action.
A19: Major Surfaces
A20: Home | B20: A doctor-facing launchpad with quick actions, cohort pulse, benchmarks, surfaced cases, and nudge trends.
A21: Patient List | B21: A queue view organized by visit timing and urgency so teams can move from roster to chart quickly.
A22: Patient File | B22: A left-nav-driven longitudinal case file with demographics, clinical assessment, treatment plan, journey, and nudges.
A23: Population Dashboard | B23: A six-section analytics experience spanning overview, clinical profile, treatment, outcomes, quality, and demographics.
A24: AI Buddy | B24: A governed, step-by-step pathway review surface bounded to the configured evidence brain.
A26: Who This Bible Is For
A27: Product owners, clinical leads, designers, engineers, hospital stakeholders, and new developers who need to understand not only the data model, but also the intended experience, operating rhythm, and governed logic of the platform.

Sheet Visual_Language
A1: Visual Language
A2: This tab describes how the platform should look and feel when implemented: palette, type hierarchy, layout grammar, and interaction tone.
A4: Swatch | B4: Color Role | C4: Hex | D4: Usage | F4: Type Layer | G4: Font / Character | H4: Usage
B5: Primary Sky | C5: #2E92FF | D5: Main emphasis color for actions, highlights, selected navigation, and intelligence surfaces. | F5: Display | G5: Syne / DM Serif Display style | H5: Brand line, hero title, screen titles, bold clinical framing.
B6: Deep Blue | C6: #1D4F91 | D6: Anchor color for headers, hero surfaces, and high-trust framing. | F6: Body | G6: IBM Plex Sans / DM Sans style | H6: Forms, tables, descriptive copy, chart labels.
B7: Light Sky Wash | C7: #EAF4FF | D7: Card fills, scaffold bands, and elevated information blocks. | F7: Metric / System | G7: IBM Plex Mono / DM Mono style | H7: Unique patient codes, counters, metric chips, timestamps, status microcopy.
B8: Alert Red | C8: #D34B52 | D8: Critical gaps, progression warnings, and urgent attention states. | F8: Writing tone | G8: Direct, clinical, operational | H8: Explain signals and next steps clearly. Avoid vague product-marketing language inside the UI.
B9: Attention Amber | C9: #D58A1C | D9: Advisory gaps, pending review, and cautionary states.
B10: Support Green | C10: #4DB57A | D10: Healthy completion states and low-risk positive confirmation.
A13: Experience Rule | B13: What It Means In Practice | C13: Why It Matters
A14: Action-first | B14: Every major card should help the user do something next, not just read. | C14: The product is a working surface, not a brochure.
A15: Bright and breathable | B15: White background, pale sky-blue elevations, modest shadows, generous spacing. | C15: The platform should feel trustworthy and modern rather than heavy or gloomy.
A16: Clinical density without clutter | B16: Structured sections, clear labels, grouped controls, visible units and stages. | C16: Doctors should be able to read quickly without hunting.
A17: Color means urgency | B17: Blue = operating/default, amber = watch, red = urgent, green = complete. | C17: Signals must be scannable at a distance.
A18: Drilldown everywhere | B18: Metrics and charts should lead back to the patient list or patient file. | C18: The analytics layer must stay actionable.
A19: Governed intelligence | B19: AI Buddy stays stepwise, bounded, and evidence-anchored. | C19: The platform should feel intelligent without ever feeling improvisational.
A20: Explainable alerts | B20: A care gap should always show why it opened and what field or event would close it. | C20: Users need trust in the engine.

Sheet Screen_Blueprint
A1: Screen Blueprint
A2: Screen-by-screen explanation of what the user sees, what each surface is for, and what data or logic makes it useful.
A4: Surface | B4: Primary Job | C4: What The User Sees First | D4: Core Actions | E4: Visual Character | F4: Depends On
A5: Home | B5: Start-of-day command centre | C5: Warm welcome, department glance, quick actions, cohort pulse, benchmark cards, nudge trends, surfaced cases | D5: AI Buddy, Open Patient File, Go to Dashboard, Review Missed and High-Priority Patients, Review Care Gaps, Add New Patient | E5: Airy, bright, action-first, confidence-building | F5: User context, cohort metrics, care-gap engine, benchmark logic, surfaced-patient ranking
A6: Patient List | B6: Operational roster and search | C6: A searchable queue segmented by Last Visit, Upcoming, Missed / Overdue | D6: Search, filter by visit state, open any patient, add patient | E6: Fast, practical, low-noise, queue-oriented | F6: Patient master list, visit status, urgency signals
A7: Patient File Shell | B7: Single-patient command centre | C7: Unique patient code, status strip, quick metrics rail, left navigation, top utility actions | D7: Guidelines, Upload Rx, Discuss with Team, Print Summary, AI Buddy | E7: High-trust, clinically dense, still calm and legible | F7: Patient code, biomarker snapshot, treatment stage, role-based controls
A8: Patient File · Nudges & Alerts | B8: Make missing steps visible | C8: Severity-coded nudges with explainable reason and next-step expectation | D8: Acknowledge, route to team, mark acted/resolved | E8: Governed, sharp, operationally explicit | F8: Care-gap rules, case status, action trail
A9: Patient File · Demographics | B9: Capture de-identified registry and access context | C9: Unique code, age at diagnosis, coverage, geography, language, referral context | D9: Edit, save, keep the unique code synchronized | E9: Simple form blocks, low cognitive overhead | F9: Demographics_Entry
A10: Visit-wise entry
A11: Patient File · Clinical Assessment | B11: Capture disease workup and current state | C11: PSA history, biopsy, imaging, comorbidities, family history, staging | D11: Add PSA, update workup, complete staging | E11: Structured, evidence-ready, timeline-aware | F11: Clinical_Entry + PSA_History
A12: Patient File · Treatment Plan | B12: Capture intent and active management | C12: MDT status, systemic therapy, RT plan, bone health, supportive care | D12: Update treatment, log approvals, schedule follow-up | E12: Operational and therapy-centric | F12: Treatment_Entry
A13: Patient File · Patient Journey | B13: Show the whole case longitudinally | C13: Chronological event timeline from presentation to follow-up | D13: Add event, inspect treatment milestones | E13: Narrative but structured | F13: Journey_Events
A14: Team Discussion / Nudge Modal | B14: Close the loop across the MDT | C14: Recipient selector, reason, subject, note, discussion trail | D14: Notify team, document rationale, preserve auditability | E14: Collaborative, accountable, not chatty | F14: Nudge state + team directory + discussion log
A15: Guidelines Surface | B15: Keep guideline context close to the case | C15: Quick-reference rules, staging expectations, treatment checkpoints, India vs NCCN nuances | D15: Open guideline references during review | E15: Reference-first, not overwhelming | F15: Guideline pack configuration
A16: Population Dashboard | B16: Read the department or site as a living cohort | C16: Overview, Clinical Profile, Treatment, Outcomes, Quality & Gaps, Demographics | D16: Filter by time, drill into chart segments, export | E16: Analytical, panoramic, still clinically grounded | F16: Aggregated patient data + derived cohort fields
A17: AI Buddy | B17: Guided, stepwise pathway review | C17: A contained overlay with explicit steps, evidence status, and bounded next-path suggestions | D17: Continue step by step, open patient file, review access and trial routes | E17: Governed intelligence, not free-form generation | F17: Structured record + guideline packs + practice logs + retrospective signals + access rules

Sheet Workflow_Blueprint
A1: Workflow Blueprint
A2: The platform is best understood as a set of recurring clinical and operational workflows. This tab makes the rhythm explicit.
A4: Workflow | B4: Trigger | C4: Key Steps | D4: Output | E4: Visible Surfaces | F4: Success Signal
A5: Patient onboarding | B5: A new patient enters the registry | C5: Add New Patient -> complete demographics -> complete clinical workup shell -> initialize treatment and follow-up fields | D5: A searchable longitudinal record exists and appears in cohort counts | E5: Home, Patient File, Patient List | F5: Patient becomes visible in the operational system immediately.
A6: W1 Start-of-day clinical triage | B6: Doctor opens the platform at the start of clinic | C6: Scan Department at a glance -> review quick-action cards -> open surfaced patient or AI Buddy | D6: Highest-priority cases are pulled forward fast | E6: Home, Patient File, AI Buddy | F6: Minimal clicks from signal to chart to action.
A7: W2 Department patient review | B7: Doctor or staff scans the day’s list | C7: Filter patient list by visit status -> search -> open selected file -> check current nudges and treatment state | D7: Roster turns into an ordered working list | E7: Patient List, Patient File | F7: Queue state and patient urgency are obvious at a glance.
A8: Clinical workup completion | B8: The file is opened and staging / pathology is incomplete | C8: Enter PSA, biopsy, imaging, staging, comorbidity, family history -> save -> review resulting nudges | D8: The case becomes clinically interpretable and quality logic activates | E8: Patient File · Clinical Assessment, Care_Gap_Tracker | F8: Missing staging steps become explicit immediately.
A9: Treatment planning and update | B9: The team agrees a treatment pathway | C9: Record intent, MDT status, ADT / ARSI / RT details, approvals, supportive care, follow-up schedule | D9: Treatment state becomes auditable and cohort analytics update | E9: Patient File · Treatment Plan, Population Dashboard | F9: Therapy path and access barriers are documented, not implied.
A10: W4 Care-gap resolution | B10: A gap is generated by the engine | C10: Review why it opened -> acknowledge -> notify team if needed -> act -> mark resolved when documented | D10: The gap moves through a traceable lifecycle | E10: Patient File · Nudges, Team modal, Care_Gap_Tracker | F10: Signals are explainable and closure is logged.
A11: MDT governance | B11: A complex or high-risk case needs multidisciplinary sign-off | C11: Open file -> review workup and treatment plan -> discuss with team -> capture MDT outcome or waiver | D11: MDT completion becomes visible in both patient and cohort views | E11: Patient File, Team modal, Population Dashboard | F11: Governance is part of workflow, not a side process.
A12: W3 Cohort quality review | B12: Department lead or site admin opens the dashboard | C12: Move across overview, treatment, outcomes, quality, and demographics -> drill into any metric -> open underlying patients | D12: Population-level weakness turns into patient-level action | E12: Population Dashboard, Patient File | F12: Charts are not decorative; each one routes back to cases.
A13: AI Buddy guided review | B13: User wants a bounded, evidence-anchored pathway review | C13: Open AI Buddy -> move through the steps -> review guideline branch, retrospective pattern, access route, trials -> jump back to file | D13: A governed next-path view is surfaced without leaving context | E13: Home or Patient File, AI Buddy | F13: The system remains stepwise and auditable rather than chat-like.

Sheet Capture_Blueprint
A1: Capture Blueprint
A2: Grouped view of what the platform captures, where it is captured, what control style is used, and why the data matters clinically and analytically.
A4: Capture Domain | B4: What The Platform Captures | C4: Primary Sheet / Surface | D4: Control Style | E4: Why It Matters | F4: Used By
A5: Registry linkage | B5: Unique patient code, registry enrolment date, age at diagnosis | C5: Demographics_Entry | D5: Text, date, numeric | E5: Links every sheet and drives registration / age analytics without personal identifiers | F5: Patient header, list, dashboards
A6: Coverage and payer context | B6: Healthcare coverage, pre-auth state, referral centre, referral source | C6: Demographics_Entry + Treatment_Entry | D6: Dropdowns and dates | E6: Explains access delays, affordability, and approval bottlenecks | F6: Patient file, treatment analytics, quality charts
A7: Geography and access context | B7: State, travel distance, language preference | C7: Demographics_Entry | D7: Dropdowns and numeric | E7: Supports travel burden, language mix, and access planning without direct identifiers | F7: Demographics dashboard, patient context
A8: Referral context | B8: Referring centre and referral source | C8: Demographics_Entry | D8: Dropdowns | E8: Shows where patients come from and how the network behaves | F8: Home, demographics dashboard
A9: Presenting complaint | B9: Primary complaint, duration, IPSS, bowel/rectal symptoms | C9: Clinical_Entry | D9: Dropdowns, text | E9: Captures the initial clinical picture | F9: Patient file clinical view
A10: Physical and baseline exam | B10: DRE findings, prostate volume, ECOG, castration status | C10: Clinical_Entry | D10: Dropdowns, numeric | E10: Defines disease baseline and functional status | F10: Patient file, demographics and outcomes analytics
A11: Pathology | B11: Biopsy date/type, PI-RADS, Gleason, ISUP, cores, invasion markers | C11: Clinical_Entry | D11: Dropdowns, dates, numeric/text | E11: Defines grade and pathology risk | F11: Clinical analytics, pathway review
A12: Staging | B12: Clinical T/N/M stage and EAU risk category | C12: Clinical_Entry | D12: Dropdowns | E12: Anchors treatment pathway, quality logic, and cohort stratification | F12: Patient file, quality engine, dashboard
A13: Imaging and molecular workup | B13: mpMRI, bone scan/SPECT, PSMA PET-CT, CT A/P, DEXA, germline/somatic testing | C13: Clinical_Entry | D13: Dropdowns | E13: Feeds staging completeness, bone health logic, genomics eligibility | F13: Care gaps, clinical dashboard, AI Buddy
A14: Comorbidity and family history | B14: Active comorbidity flags and inherited risk context | C14: Clinical_Entry | D14: Yes/No flags | E14: Supports risk, supportive care, testing logic, and cohort comorbidity views | F14: Clinical dashboard, AI Buddy
A15: MDT and trial readiness | B15: MDT status/date and clinical-trial eligibility | C15: Treatment_Entry | D15: Dropdowns, dates | E15: Shows governance completion and future trial pathway readiness | F15: Treatment, quality, AI Buddy
... A23: Documents and collaboration | B23: Rx uploads, discussion notes, notifications, guideline references | C23: Workflow surfaces around the patient file | D23: File workflow + modal actions | E23: Keeps the record clinically usable and team-aware even where data is not purely tabular | F23: Patient file and governance flow

Sheet Governed_Intelligence
A1: Governed Intelligence
A2: Explains how the rules engine, cohort insighting, and AI Buddy should operate. This is the product’s intelligence boundary: what is allowed, what grounds it, and what must never become hallucinated.
A4: Capability | B4: What It Studies | C4: What It Returns | D4: Ground Truth / Brain | E4: What It Must Not Do | F4: Appears In
A5: Care-gap engine | B5: Structured case data is checked against configured staging, treatment, follow-up, and supportive-care rules | C5: Severity-coded nudges, gap counts, primary gap focus | D5: Versioned clinical rule packs approved by the clinical team | E5: It must not invent a gap outside configured rules | F5: Patient File, Care_Gap_Tracker, Home, Quality dashboard
A6: Protocol score | B6: Cohort adherence signals are rolled up across key rule families | C6: A cohort-level score and its biggest drag factors | D6: Rule-engine outputs plus benchmark configuration | E6: It must not present the score as unexplained magic | F6: Home, Population Dashboard
A7: Insight cards | B7: Cohort aggregates such as bone-health coverage, ARSI uptake, staging completeness | C7: Short statistical insights in plain language | D7: Registry aggregates and measured cohort counts | E7: It must not generate unsupported narrative claims | F7: Home, Reports
A8: AI Buddy · stepwise review | B8: Open case fields, current nudges, practice logs, retrospective outcome patterns, access rules | C8: A bounded, step-by-step pathway review with explicit next-path framing | D8: Governed evidence brain composed of structured records and approved evidence/config packs | E8: It must not behave like unconstrained chat or fabricate treatment branches | F8: Home, Patient File
A9: AI Buddy · progression branch | B9: Current line exposure, response history, CRPC/progression status, biomarkers, tolerance markers | C9: A structured view of plausible next pathway branches for review | D9: Guideline packs + retrospective pathway rules + patient state | E9: It must not claim autonomous clinical decision-making | F9: Patient File, AI Buddy
A10: AI Buddy · access and affordability lens | B10: Coverage, CGHS delays, local availability, configured access pathways | C10: Visible access route, delay risk, and documented fallback pathway | D10: Access-rule configuration and region-specific availability inputs | E10: It must not imply a drug is obtainable when the configured access layer says otherwise | F10: AI Buddy, Treatment planning
A11: AI Buddy · trial and new-drug lens | B11: Trial eligibility fields, geography, disease state, configured study sources | C11: Trial-screening prompts and governed study-fit suggestions | D11: Configured study source feeds and eligibility logic | E11: It must not hallucinate trial availability or sponsor access | F11: AI Buddy
A12: Brain boundary | B12: Only approved structured data and configured evidence sources are in scope | C12: High-confidence, explainable output | D12: Structured records, rule packs, guideline packs, practice logs, retrospective data, access pathways | E12: No free-text invention, no unsupported external facts, no hidden reasoning leaps | F12: Platform-wide governance principle

Sheet Instructions
A1: How To Use This Bible
A2: This workbook is now a platform bible first and a structured data-entry pack second. The opening tabs explain what the product is, how it should feel, how screens connect, what workflows it supports, and what it captures. The later tabs translate that product into data-entry structure, care-gap logic, and analytics coverage.
A4: Read order | B4: 1. Start with Platform_Bible and Visual_Language to understand the intended experience. 2. Read Screen_Blueprint, Workflow_Blueprint, and Capture_Blueprint to understand how the product behaves. 3. Read Home_Dashboard, Population_Dashboard, Dashboard_Derived, Dashboard_Coverage, and Governed_Intelligence to understand analytics and intelligence. 4. Use the entry tabs only when you need to inspect how the UI converts into structured capture.
A5: How to use the entry tabs | B5: Create one patient row in Demographics_Entry using the patient's unique patient code, then reuse the same code on Clinical_Entry, Treatment_Entry, Outcomes_Entry, PSA_History, and Journey_Events. Use dropdowns and Yes/No columns to mirror the UI controls. Review Dashboard and Care_Gap_Tracker for derived summaries.
A6: Sample rows included | B6: Rows 5-8 in the entry tabs are seeded with fully de-identified sample cases so the workbook can be reviewed immediately without adding manual data first.
A7: Sheets included | B7: Platform_Bible, Visual_Language, Screen_Blueprint, Workflow_Blueprint, Capture_Blueprint, Governed_Intelligence, Instructions, Field_Dictionary, Value_Lists, Dashboard, Home_Dashboard, Population_Dashboard, Dashboard_Derived, Dashboard_Coverage, Care_Gap_Tracker, Demographics_Entry, Clinical_Entry, Treatment_Entry, Outcomes_Entry, PSA_History, Journey_Events.
A8: Input color | B8: Light yellow cells are intended for manual entry.
A9: Derived color | B9: Light grey cells are calculated or should not be typed into directly.
A10: Required fields | B10: Headers marked with * should be treated as mandatory for workbook use. Field_Dictionary also shows whether a field is required in the UI versus required in the workbook.
A11: Multi-select chip groups | B11: In Excel, multi-select chip groups are represented as one Yes/No column per chip option.
A12: Date format | B12: Use yyyy-mm-dd across all date columns.
A13: Care gaps | B13: Care_Gap_Tracker applies the current nudge-style rules for staging, bone protection, DEXA, genetics, ARSI readiness, and follow-up. Psychosocial screening is treated as open when PHQ-9 is blank or Not done so the tracker stays actionable.
A14: Dashboard scope | B14: The product dashboard is larger than a simple KPI tab. The dedicated dashboard inventory tabs document home widgets, population analytics sections, derived cohort fields, drilldowns, and the remaining gaps that require application event history.
A15: Intelligence boundary | B15: Governed_Intelligence explains the approved intelligence surfaces. AI Buddy is described as a bounded evidence layer rather than unconstrained generation.
A16: File uploads | B16: Prescription / Rx upload is documented in Field_Dictionary but is not represented as a row-entry table because the UI uses a file attachment workflow.

Sheet Field_Dictionary
A1: Field Dictionary
A2: Each row maps one UI field (or one workbook representation of a UI field) to its entry mode, control type, options, and notes.
A4: Sheet | B4: UI Section | C4: Field Key | D4: Field Label | E4: UI Control | F4: Workbook Entry Mode | G4: Data Type | H4: UI Required | I4: Workbook Required | J4: Allowed Options / List | K4: Source ID / Notes | L4: Status
A5: Demographics_Entry | B5: Registry Linkage | C5: patient_code | D5: Unique Patient Code | E5: text | F5: Single column | G5: text | H5: No | I5: Yes | K5: Only patient-level identifier permitted in this workbook. Reuse the same code across all sheets. | L5: Existing (v2)
A6: Demographics_Entry | B6: Registry Linkage | C6: registry_enrolment_date | D6: Registry Enrolment Date | E6: date | F6: Single column | G6: date | H6: No | I6: No | J6: yyyy-mm-dd | K6: Needed for monthly registration trends on the home and population dashboards. | L6: Existing (v2)
A7: Demographics_Entry | B7: De-identified Demographics | C7: age_at_diagnosis_years | D7: Age at Diagnosis (years) | E7: number | F7: Single column | G7: whole number | H7: No | I7: Yes | J7: Years | K7: Enter numeric age at diagnosis. Do not capture date of birth. | L7: Existing (v2)
A8: Demographics_Entry | B8: De-identified Demographics | C8: language_preference | D8: Language Preference | E8: dropdown | F8: Single column | G8: categorical | H8: No | I8: No | J8: Hindi | English | Tamil | Telugu | Bengali | Marathi | Kannada | Malayalam | Gujarati | Punjabi | Odia | L8: Existing (v2)
A9: Demographics_Entry | B9: Coverage & Access | C9: healthcare_coverage | D9: Healthcare Coverage | E9: dropdown | F9: Single column | G9: categorical | H9: Yes | I9: Yes | J9: PMJAY (Ayushman Bharat) | CGHS | ESIC | State Scheme (Rajya Bima / Aarogyasri) | Private Insurance | Self-pay | L9: Existing (v2)
A10: Demographics_Entry | B10: Coverage & Access | C10: referring_hospital_centre | D10: Referring Hospital / Centre | E10: dropdown | F10: Single column | G10: categorical | H10: No | I10: No | J10: AIIMS New Delhi | Tata Memorial Centre, Mumbai | CMC Vellore | PGIMER Chandigarh | RGCI Delhi | SGPGI Lucknow | Government General Hospital | Private Urologist / Clinic | L10: Existing (v2)
A11: Demographics_Entry | B11: Coverage & Access | C11: referral_source | D11: Referral Source | E11: dropdown | F11: Single column | G11: categorical | H11: No | I11: No | J11: Government Hospital / OPD | Private Urologist | CGHS Panel Hospital | District Cancer Centre | Self-referral | Other | K11: Normalized for dashboard referral-source donut. | L11: Existing (v2)
A12: Demographics_Entry | B12: Geography & Access | C12: state | D12: State | E12: dropdown | F12: Single column | G12: categorical | H12: No | I12: No | J12: Delhi | Maharashtra | Tamil Nadu | Uttar Pradesh | Karnataka | West Bengal | Rajasthan | Punjab | Gujarat | Telangana | Andhra Pradesh | Madhya Pradesh | Bihar | Other | L12: Existing (v2)
A13: Demographics_Entry | B13: Geography & Access | C13: travel_distance_km | D13: Travel Distance to Centre (km) | E13: number | F13: Single column | G13: decimal number | H13: No | I13: No | J13: Kilometres | K13: Used for travel-distance chart buckets. | L13: Existing (v2)
A14: Clinical_Entry | B14: Workbook Linkage | C14: patient_code | D14: Unique Patient Code | E14: text | F14: Single column | G14: text | H14: No | I14: Yes | K14: Match the Demographics_Entry unique patient code. | L14: Existing (v2)
A15: Clinical_Entry | B15: Presenting Complaint | C15: diagnosis_date | D15: Date of Diagnosis | E15: date | F15: Single column | G15: date | H15: No | I15: No | J15: yyyy-mm-dd | K15: Needed for age-at-diagnosis and time-to-treatment analytics. | L15: Existing (v2)
A16: Clinical_Entry | B16: Presenting Complaint | C16: primary_complaint | D16: Primary Complaint | E16: dropdown | F16: Single column | G16: categorical | H16: No | I16: No | J16: LUTS (Lower urinary tract symptoms) | Haematuria | Bone pain / backache | Incidental PSA elevation | Asymptomatic screening | Urinary retention | L16: Existing (v2)
A17: Clinical_Entry | B17: Presenting Complaint | C17: duration | D17: Duration | E17: text | F17: Single column | G17: text | H17: No | I17: No | L17: Existing (v2)
A18: Clinical_Entry | B18: Presenting Complaint | C18: ipss_score | D18: IPSS Score | E18: dropdown | F18: Single column | G18: categorical | H18: No | I18: No | J18: 0–7 (Mild) | 8–19 (Moderate) | 20–35 (Severe) | L18: Existing (v2)
A19: Clinical_Entry | B19: Presenting Complaint | C19: bowel_rectal_symptoms | D19: Bowel / Rectal Symptoms | E19: dropdown | F19: Single column | G19: categorical | H19: No | I19: No | J19: None | Constipation | Blood in stool | Tenesmus | L19: Existing (v2)
A20: Clinical_Entry | B20: Digital Rectal Examination (DRE) | C20: dre_findings | D20: DRE Findings | E20: single-select chip group | F20: Dropdown | G20: categorical | H20: Yes | I20: No | J20: Normal | Enlarged (BPH) | Nodule – unilateral | Nodule – bilateral | Induration / fixity | Seminal vesicle ext. | L20: Existing (v2)
A21: Clinical_Entry | B21: Digital Rectal Examination (DRE) | C21: prostate_volume_cc | D21: Prostate Volume (TRUS / MRI cc) | E21: text | F21: Single column | G21: decimal number | H21: No | I21: No | J21: cc | K21: Workbook expects numeric cc value. | L21: Existing (v2)
A22: Clinical_Entry | B22: Biopsy Details | C22: biopsy_date | D22: Biopsy Date | E22: date | F22: Single column | G22: date | H22: No | I22: No | J22: yyyy-mm-dd | L22: Existing (v2)
A23: Clinical_Entry | B23: Biopsy Details | C23: biopsy_type | D23: Biopsy Type | E23: dropdown | F23: Single column | G23: categorical | H23: No | I23: No | J23: 12-core TRUS biopsy | MRI-targeted / Fusion biopsy | Cognitive targeted | Transperineal biopsy | TURP chips | L23: Existing (v2)
A24: Clinical_Entry | B24: Biopsy Details | C24: pi_rads_score | D24: PI-RADS Score (mpMRI) | E24: dropdown | F24: Single column | G24: categorical | H24: No | I24: No | J24: PI-RADS 1 | PI-RADS 2 | PI-RADS 3 | PI-RADS 4 | PI-RADS 5 | Not done | L24: Existing (v2)
A25: Clinical_Entry | B25: Biopsy Details | C25: gleason_score | D25: Gleason Score | E25: dropdown | F25: Single column | G25: categorical | H25: No | I25: No | J25: 3+3=6 | 3+4=7 | 4+3=7 | 4+4=8 | 4+5=9 | 5+4=9 | 5+5=10 | K25: gs | L25: Existing (v2)
A26: Clinical_Entry | B26: Biopsy Details | C26: isup_grade_group | D26: ISUP Grade Group | E26: dropdown | F26: Single column | G26: categorical | H26: No | I26: No | J26: Grade 1 (3+3) | Grade 2 (3+4) | Grade 3 (4+3) | Grade 4 (4+4) | Grade 5 (≥4+5) | L26: Existing (v2)
A27: Clinical_Entry | B27: Biopsy Details | C27: cores_positive_total | D27: Cores Positive / Total | E27: text | F27: Single column | G27: text | H27: No | I27: No | K27: UI stores as free text, e.g. 10 / 12. | L27: Existing (v2)
A28: Clinical_Entry | B28: Biopsy Details | C28: core_involvement_pct | D28: % Core Involvement | E28: text | F28: Single column | G28: decimal number | H28: No | I28: No | J28: % | K28: Workbook expects percent as whole number, e.g. 83. | L28: Existing (v2)
A29: Clinical_Entry | B29: Biopsy Details | C29: perineural_invasion | D29: Perineural Invasion | E29: dropdown | F29: Single column | G29: categorical | H29: No | I29: No | J29: Not assessed | Absent | Present | L29: Existing (v2)
A30: Clinical_Entry | B30: Biopsy Details | C30: ece_extracapsular_extension | D30: ECE (Extracapsular Extension) | E30: dropdown | F30: Single column | G30: categorical | H30: No | I30: No | J30: Not assessed | Absent | Present (radiological) | L30: Existing (v2)
A31: Clinical_Entry | B31: TNM Staging & Risk Classification | C31: clinical_t_stage | D31: Clinical T Stage | E31: dropdown | F31: Single column | G31: categorical | H31: Yes | I31: No | J31: cT1a | cT1b | cT1c | cT2a | cT2b | cT2c | cT3a | cT3b | cT4 | L31: Existing (v2)
A32: Clinical_Entry | B32: TNM Staging & Risk Classification | C32: n_stage | D32: N Stage | E32: dropdown | F32: Single column | G32: categorical | H32: No | I32: No | J32: cN0 | cN1 | cNX | L32: Existing (v2)
A33: Clinical_Entry | B33: TNM Staging & Risk Classification | C33: m_stage | D33: M Stage | E33: dropdown | F33: Single column | G33: categorical | H33: No | I33: No | J33: cM0 | M1a (Non-regional LN) | M1b (Bone mets) | M1c (Visceral mets) | L33: Existing (v2)
A34: Clinical_Entry | B34: TNM Staging & Risk Classification | C34: eau_risk_category | D34: EAU Risk Category | E34: dropdown | F34: Single column | G34: categorical | H34: No | I34: No | J34: Low | Intermediate – Favourable | Intermediate – Unfavourable | High | Very High / Locally Advanced | M1 – Metastatic HSPC | K34: risk-s | L34: Existing (v2)
A35: Clinical_Entry | B35: TNM Staging & Risk Classification | C35: ecog_performance_status | D35: ECOG Performance Status | E35: dropdown | F35: Single column | G35: categorical | H35: No | I35: No | J35: 0 – Fully active | 1 – Restricted strenuous activity | 2 – Ambulatory, self-care only | 3 – Limited self-care | 4 – Completely disabled | L35: Existing (v2)
A36: Clinical_Entry | B36: TNM Staging & Risk Classification | C36: castration_status | D36: Castration Status | E36: dropdown | F36: Single column | G36: categorical | H36: No | I36: No | J36: Hormone-sensitive (HSPC) | Castration-resistant (CRPC) | Not on ADT | K36: cast-s | L36: Existing (v2)
A37: Clinical_Entry | B37: Imaging & Molecular Workup | C37: mpmri_pelvis | D37: mpMRI Pelvis | E37: dropdown | F37: Single column | G37: categorical | H37: No | I37: No | J37: Not done | Done — abnormal | Done — normal | L37: Existing (v2)
A38: Clinical_Entry | B38: Imaging & Molecular Workup | C38: bone_scan_spect | D38: Bone Scan / SPECT | E38: dropdown | F38: Single column | G38: categorical | H38: No | I38: No | J38: Not done | Done — no metastases | Done — bone metastases present | K38: bone-s | L38: Existing (v2)
A39: Clinical_Entry | B39: Imaging & Molecular Workup | C39: psma_pet_ct | D39: PSMA PET-CT | E39: dropdown | F39: Single column | G39: categorical | H39: No | I39: No | J39: Not done | Done — no uptake | Done — pelvic nodal uptake | Done — distant metastases | K39: psma-s | L39: Existing (v2)
A40: Clinical_Entry | B40: Imaging & Molecular Workup | C40: ct_abdomen_pelvis | D40: CT Chest / Abdomen / Pelvis | E40: dropdown | F40: Single column | G40: categorical | H40: No | I40: No | J40: Not done | Done — lymphadenopathy | Done — normal | L40: AMENDED (v3) — label
A41: Clinical_Entry | B41: Imaging & Molecular Workup | C41: dexa_bone_density | D41: DEXA Bone Density | E41: dropdown | F41: Single column | G41: categorical | H41: No | I41: No | J41: Not done | Normal (T-score ≥ −1) | Osteopenia (T −1 to −2.5) | Osteoporosis (T-score < −2.5) | K41: dexa-s | L41: Existing (v2)
A42: Clinical_Entry | B42: Imaging & Molecular Workup | C42: germline_somatic_testing | D42: Germline / Somatic Testing | E42: dropdown | F42: Single column | G42: categorical | H42: No | I42: No | J42: Not done | BRCA1/2 — pathogenic variant | BRCA1/2 — negative | MSI-H / dMMR | HRR mutation (non-BRCA) | Pending | ATM mutation | K42: gen-s | L42: AMENDED (v3) — +ATM
A43: Clinical_Entry | B43: Comorbidities & Family History | C43: comorbidity_1 | D43: Active Comorbidity: Type 2 Diabetes | E43: multi-select chip group | F43: Yes / No flag column | G43: categorical | H43: No | I43: No | J43: | Yes | No | K43: Original UI is a multi-select chip group. | L43: Existing (v2)
A44: Clinical_Entry | B44: Comorbidities & Family History | C44: comorbidity_2 | D44: Active Comorbidity: Hypertension | E44: multi-select chip group | F44: Yes / No flag column | G44: categorical | H44: No | I44: No | J44: | Yes | No | K44: Original UI is a multi-select chip group. | L44: Existing (v2)
A45: Clinical_Entry | B45: Comorbidities & Family History | C45: comorbidity_3 | D45: Active Comorbidity: CAD / IHD | E45: multi-select chip group | F45: Yes / No flag column | G45: categorical | H45: No | I45: No | J45: | Yes | No | K45: Original UI is a multi-select chip group. | L45: Existing (v2)
A46: Clinical_Entry | B46: Comorbidities & Family History | C46: comorbidity_4 | D46: Active Comorbidity: CKD (Stage) | E46: multi-select chip group | F46: Yes / No flag column | G46: categorical | H46: No | I46: No | J46: | Yes | No | K46: Original UI is a multi-select chip group. | L46: Existing (v2)
A47: Clinical_Entry | B47: Comorbidities & Family History | C47: comorbidity_5 | D47: Active Comorbidity: COPD | E47: multi-select chip group | F47: Yes / No flag column | G47: categorical | H47: No | I47: No | J47: | Yes | No | K47: Original UI is a multi-select chip group. | L47: Existing (v2)
A48: Clinical_Entry | B48: Comorbidities & Family History | C48: comorbidity_6 | D48: Active Comorbidity: Stroke / TIA | E48: multi-select chip group | F48: Yes / No flag column | G48: categorical | H48: No | I48: No | J48: | Yes | No | K48: Original UI is a multi-select chip group. | L48: Existing (v2)
A49: Clinical_Entry | B49: Comorbidities & Family History | C49: comorbidity_7 | D49: Active Comorbidity: Anaemia | E49: multi-select chip group | F49: Yes / No flag column | G49: categorical | H49: No | I49: No | J49: | Yes | No | K49: Original UI is a multi-select chip group. | L49: Existing (v2)
A50: Clinical_Entry | B50: Comorbidities & Family History | C50: comorbidity_8 | D50: Active Comorbidity: Osteoporosis | E50: multi-select chip group | F50: Yes / No flag column | G50: categorical | H50: No | I50: No | J50: | Yes | No | K50: Original UI is a multi-select chip group. | L50: Existing (v2)
A51: Clinical_Entry | B51: Comorbidities & Family History | C51: comorbidity_9 | D51: Active Comorbidity: None significant | E51: multi-select chip group | F51: Yes / No flag column | G51: categorical | H51: No | I51: No | J51: | Yes | No | K51: Original UI is a multi-select chip group. | L51: Existing (v2)
A52: Clinical_Entry | B52: Comorbidities & Family History | C52: family_history_1 | D52: Family History: Prostate Ca (first-degree) | E52: multi-select chip group | F52: Yes / No flag column | G52: categorical | H52: No | I52: No | J52: | Yes | No | K52: Original UI is a multi-select chip group. | L52: Existing (v2)
... A57: Clinical_Entry | B57: Comorbidities & Family History | C57: family_history_6 | D57: Family History: None known | E57: multi-select chip group | F57: Yes / No flag column | G57: categorical | H57: No | I57: No | J57: | Yes | No | K57: Original UI is a multi-select chip group. | L57: Existing (v2)
A58: Treatment_Entry | B58: Workbook Linkage | C58: patient_code | D58: Unique Patient Code | E58: text | F58: Single column | G58: text | H58: No | I58: Yes | K58: Match the Demographics_Entry unique patient code. | L58: Existing (v2)
A59: Treatment_Entry | B59: Treatment Intent & MDT | C59: treatment_intent | D59: Treatment Intent | E59: single-select chip group | F59: Dropdown | G59: categorical | H59: No | I59: No | J59: Curative | Disease control (locally advanced) | Palliative / Symptomatic | Active surveillance | Watchful waiting | L59: SUPERSEDED (v3) → moved to Treatment_Plans (now one-to-many)
A60: Treatment_Entry | B60: Treatment Intent & MDT | C60: mdt_tumour_board_status | D60: MDT / Tumour Board Status | E60: dropdown | F60: Single column | G60: categorical | H60: No | I60: No | J60: Pending review | Reviewed — plan agreed | Not applicable | L60: SUPERSEDED (v3) → moved to Treatment_Plans (now one-to-many)
A61: Treatment_Entry | B61: Treatment Intent & MDT | C61: date_of_mdt_review | D61: Date of MDT Review | E61: date | F61: Single column | G61: date | H61: No | I61: No | J61: yyyy-mm-dd | L61: SUPERSEDED (v3) → moved to Treatment_Plans (now one-to-many)
A62: Treatment_Entry | B62: Treatment Intent & MDT | C62: clinical_trial_eligibility | D62: Clinical Trial Eligibility | E62: dropdown | F62: Single column | G62: categorical | H62: No | I62: No | J62: Not screened | Eligible — under screening | Enrolled in trial | Not eligible | L62: Existing (v2)
A63: Treatment_Entry | B63: Treatment Intent & MDT | C63: treatment_start_date | D63: Treatment Start Date | E63: date | F63: Single column | G63: date | H63: No | I63: No | J63: yyyy-mm-dd | K63: Use the first actual active treatment date for time-to-treatment analytics. | L63: Existing (v2)
A64: Treatment_Entry | B64: Androgen Deprivation Therapy (ADT) | C64: adt_type | D64: ADT Type | E64: dropdown | F64: Single column | G64: categorical | H64: No | I64: No | J64: Not on ADT | LHRH Agonist (Leuprolide / Lupride) | LHRH Agonist (Triptorelin / Decapeptyl) | LHRH Agonist (Goserelin / Zoladex) | GnRH Antagonist (Degarelix / Firmagon) | Bilateral orchidectomy | L64: Existing (v2)
A65: Treatment_Entry | B65: Androgen Deprivation Therapy (ADT) | C65: formulation_dose | D65: Formulation / Dose | E65: dropdown | F65: Single column | G65: categorical | H65: No | I65: No | J65: Leuprolide 11.25 mg (monthly) | Leuprolide 22.5 mg depot (3-monthly) | Leuprolide 45 mg depot (6-monthly) | Goserelin 3.6 mg (monthly) | Goserelin 10.8 mg (3-monthly) | L65: Existing (v2)
A66: Treatment_Entry | B66: Androgen Deprivation Therapy (ADT) | C66: adt_start_date | D66: ADT Start Date | E66: date | F66: Single column | G66: date | H66: No | I66: No | J66: yyyy-mm-dd | L66: Existing (v2)
A67: Treatment_Entry | B67: Androgen Deprivation Therapy (ADT) | C67: anti_androgen | D67: Anti-androgen | E67: dropdown | F67: Single column | G67: categorical | H67: No | I67: No | J67: None | Bicalutamide 50 mg OD (flare cover) | Bicalutamide 150 mg OD | Enzalutamide 160 mg OD | Apalutamide 240 mg OD | Darolutamide 1200 mg/day | K67: aa-s | L67: Existing (v2)
A68: Treatment_Entry | B68: Androgen Deprivation Therapy (ADT) | C68: arsi_intensification | D68: ARSI Intensification | E68: dropdown | F68: Single column | G68: categorical | H68: No | I68: No | J68: Not initiated | Abiraterone + Prednisone (Zytiga / generic) | Enzalutamide (Xtandi) | Apalutamide (Erleada) | Darolutamide (Nubeqa) | K68: arsi-s [Pathway calls this ARPI — naming decision pending] | L68: Existing (v2)
A69: Treatment_Entry | B69: Androgen Deprivation Therapy (ADT) | C69: testosterone_level | D69: Testosterone Level | E69: text | F69: Single column | G69: text | H69: No | I69: No | J69: ng/dL | K69: UI placeholder: Castrate: <50 ng/dL. | L69: Existing (v2)
A70: Treatment_Entry | B70: Chemotherapy | C70: chemotherapy_regimen | D70: Chemotherapy Regimen | E70: dropdown | F70: Single column | G70: categorical | H70: No | I70: No | J70: Not indicated / Not started | Docetaxel 75 mg/m² q3w | Cabazitaxel 25 mg/m² q3w | Docetaxel → Cabazitaxel (sequential) | L70: Existing (v2)
A71: Treatment_Entry | B71: Chemotherapy | C71: number_of_cycles_completed | D71: Number of Cycles Completed | E71: number | F71: Single column | G71: whole number | H71: No | I71: No | J71: 0 to 20 | L71: Existing (v2)
A72: Treatment_Entry | B72: Chemotherapy | C72: last_cycle_date | D72: Last Cycle Date | E72: date | F72: Single column | G72: date | H72: No | I72: No | J72: yyyy-mm-dd | L72: Existing (v2)
A73: Treatment_Entry | B73: Radiotherapy Plan | C73: rt_indication | D73: RT Indication | E73: dropdown | F73: Single column | G73: categorical | H73: No | I73: No | J73: Not planned | Definitive RT (prostate ± LN) | Planned — awaiting CGHS approval | Salvage RT (post-RP) | Palliative RT (bone mets) | L73: Existing (v2)
A74: Treatment_Entry | B74: Radiotherapy Plan | C74: rt_status | D74: RT Status | E74: dropdown | F74: Single column | G74: categorical | H74: No | I74: No | J74: Not started | Planned | Active / Ongoing | Completed | Deferred / Cancelled | K74: Used to distinguish planned, active, and completed RT on the treatment dashboard. | L74: Existing (v2)
A75: Treatment_Entry | B75: Radiotherapy Plan | C75: rt_modality | D75: RT Modality | E75: dropdown | F75: Single column | G75: categorical | H75: No | I75: No | J75: IMRT / VMAT | 3D-CRT | SBRT (5 fractions) | LDR Brachytherapy | HDR Brachytherapy boost | Proton therapy | L75: Existing (v2)
A76: Treatment_Entry | B76: Radiotherapy Plan | C76: target_volume | D76: Target Volume | E76: dropdown | F76: Single column | G76: categorical | H76: No | I76: No | J76: Prostate only | Prostate + Whole Pelvis | Prostate + SV + LN | L76: Existing (v2)
A77: Treatment_Entry | B77: Radiotherapy Plan | C77: dose_fractionation | D77: Dose / Fractionation | E77: dropdown | F77: Single column | G77: categorical | H77: No | I77: No | J77: 60 Gy / 20 fx (moderate hypofractionation) | 78 Gy / 39 fx (conventional) | 36.25 Gy / 5 fx (SBRT) | Other / to be defined | L77: Existing (v2)
A78: Treatment_Entry | B78: Radiotherapy Plan | C78: rt_facility | D78: RT Facility | E78: dropdown | F78: Single column | G78: categorical | H78: No | I78: No | J78: AIIMS New Delhi | Tata Memorial Centre | RGCI Delhi | Max Cancer Centre | Fortis | Govt. Regional Cancer Centre | L78: Existing (v2)
A79: Treatment_Entry | B79: Radiotherapy Plan | C79: planned_rt_start_date | D79: Planned RT Start Date | E79: date | F79: Single column | G79: date | H79: No | I79: No | J79: yyyy-mm-dd | L79: Existing (v2)
A80: Treatment_Entry | B80: Radiotherapy Plan | C80: rt_completion_date | D80: RT Completion Date | E80: date | F80: Single column | G80: date | H80: No | I80: No | J80: yyyy-mm-dd | L80: Existing (v2)
A81: Treatment_Entry | B81: Radiotherapy Plan | C81: cghs_preauth_status | D81: CGHS Pre-auth Status | E81: dropdown | F81: Single column | G81: categorical | H81: No | I81: No | J81: Not required | Not initiated | Pending | Approved | Rejected | K81: Tracks pending approvals behind the treatment dashboard access views. | L81: Existing (v2)
A82: Treatment_Entry | B82: Radiotherapy Plan | C82: cghs_request_date | D82: CGHS Request Date | E82: date | F82: Single column | G82: date | H82: No | I82: No | J82: yyyy-mm-dd | L82: Existing (v2)
A83: Treatment_Entry | B83: Radiotherapy Plan | C83: cghs_approval_date | D83: CGHS Approval Date | E83: date | F83: Single column | G83: date | H83: No | I83: No | J83: yyyy-mm-dd | L83: Existing (v2)
A84: Treatment_Entry | B84: Bone Health & Supportive Care | C84: bone_protection_therapy | D84: Bone Protection Therapy | E84: dropdown | F84: Single column | G84: categorical | H84: Yes | I84: No | J84: Not started | Zoledronic acid 4 mg IV q3m | Denosumab 120 mg SC q4w | Denosumab 60 mg SC q6m (osteoporosis) | Not indicated | K84: bp-s | L84: Existing (v2)
A85: Treatment_Entry | B85: Bone Health & Supportive Care | C85: calcium_vitamin_d | D85: Calcium & Vitamin D | E85: dropdown | F85: Single column | G85: categorical | H85: No | I85: No | J85: Not prescribed | Calcium 500 mg + Vit D3 1000 IU OD | Calcium 1000 mg + Vit D3 OD | L85: Existing (v2)
A86: Treatment_Entry | B86: Bone Health & Supportive Care | C86: next_follow_up_psa_date | D86: Next Follow-up PSA Date | E86: date | F86: Single column | G86: date | H86: No | I86: No | J86: yyyy-mm-dd | K86: fup-d | L86: Existing (v2)
A87: Treatment_Entry | B87: Bone Health & Supportive Care | C87: testosterone_monitoring | D87: Testosterone Monitoring | E87: dropdown | F87: Single column | G87: categorical | H87: No | I87: No | J87: Not checked this cycle | Castrate confirmed (<50 ng/dL) | Non-castrate — action needed | L87: Existing (v2)
A88: Treatment_Entry | B88: Bone Health & Supportive Care | C88: psychosocial_screening_phq9 | D88: Psychosocial Screening (PHQ-9) | E88: dropdown | F88: Single column | G88: categorical | H88: No | I88: No | J88: Not done | Minimal (0–4) | Mild (5–9) | Moderate (10–14) | Severe (≥15) — refer | L88: Existing (v2)
A89: Treatment_Entry | B89: Bone Health & Supportive Care | C89: nutritional_assessment | D89: Nutritional Assessment | E89: dropdown | F89: Single column | G89: categorical | H89: No | I89: No | J89: Not done | Normal | At risk — dietitian referral made | Malnourished | L89: Existing (v2)
A90: Treatment_Entry | B90: Safety & Tolerability | C90: safety_side_effects | D90: Safety / Side Effects Observed | E90: text | F90: Single column | G90: text | H90: No | I90: No | K90: Capture active toxicity, intolerance, or clinically relevant side effects affecting the treatment pathway. | L90: Existing (v2)
A91: Outcomes_Entry | B91: Workbook Linkage | C91: patient_code | D91: Unique Patient Code | E91: text | F91: Single column | G91: text | H91: No | I91: Yes | K91: Match the Demographics_Entry unique patient code. | L91: Existing (v2)
A92: Outcomes_Entry | B92: Follow-up Status | C92: last_follow_up_date | D92: Last Follow-up Date | E92: date | F92: Single column | G92: date | H92: No | I92: No | J92: yyyy-mm-dd | L92: Existing (v2)
A93: Outcomes_Entry | B93: Follow-up Status | C93: best_response | D93: Best Response | E93: dropdown | F93: Single column | G93: categorical | H93: No | I93: No | J93: Not yet assessable | PSA response | Stable disease | Biochemical recurrence | Radiological progression | Clinical progression | L93: Existing (v2)
A94: Outcomes_Entry | B94: PSA Outcome Markers | C94: psa_nadir_value | D94: PSA Nadir Value | E94: number | F94: Single column | G94: decimal number | H94: No | I94: No | J94: ng/mL | L94: Existing (v2)
A95: Outcomes_Entry | B95: PSA Outcome Markers | C95: psa_nadir_date | D95: PSA Nadir Date | E95: date | F95: Single column | G95: date | H95: No | I95: No | J95: yyyy-mm-dd | L95: Existing (v2)
A96: Outcomes_Entry | B96: PSA Outcome Markers | C96: psa_doubling_time_months | D96: PSA Doubling Time | E96: number | F96: Single column | G96: decimal number | H96: No | I96: No | J96: Months | L96: Existing (v2)
A97: Outcomes_Entry | B97: Disease Status | C97: biochemical_recurrence_status | D97: Biochemical Recurrence Status | E97: dropdown | F97: Single column | G97: categorical | H97: No | I97: No | J97: Not assessed | No recurrence documented | Biochemical recurrence | L97: Existing (v2)
A98: Outcomes_Entry | B98: Disease Status | C98: biochemical_recurrence_date | D98: Biochemical Recurrence Date | E98: date | F98: Single column | G98: date | H98: No | I98: No | J98: yyyy-mm-dd | L98: Existing (v2)
A99: Outcomes_Entry | B99: Disease Status | C99: crpc_progression_status | D99: CRPC Progression Status | E99: dropdown | F99: Single column | G99: categorical | H99: No | I99: No | J99: No CRPC progression documented | Progressed to CRPC | Suspected progression - workup pending | L99: Existing (v2)
A100: Outcomes_Entry | B100: Disease Status | C100: crpc_progression_date | D100: CRPC Progression Date | E100: date | F100: Single column | G100: date | H100: No | I100: No | J100: yyyy-mm-dd | L100: Existing (v2)
A101: Outcomes_Entry | B101: Disease Status | C101: rt_outcome_status | D101: RT Outcome Status | E101: dropdown | F101: Single column | G101: categorical | H101: No | I101: No | J101: Not yet assessed | Complete biochemical response | Partial biochemical response | Stable disease | Biochemical recurrence | Progressive disease | L101: Existing (v2)
A102: PSA_History | B102: PSA History & Trend | C102: patient_code | D102: Unique Patient Code | E102: text | F102: Repeating row key | G102: text | H102: No | I102: Yes | L102: Existing (v2)
A103: PSA_History | B103: PSA History & Trend | C103: psa_date | D103: Date | E103: date | F103: Repeating row field | G103: date | H103: No | I103: Yes | J103: yyyy-mm-dd | L103: Existing (v2)
A104: PSA_History | B104: PSA History & Trend | C104: psa_ng_ml | D104: PSA (ng/mL) | E104: number | F104: Repeating row field | G104: decimal number | H104: No | I104: No | J104: ng/mL | L104: Existing (v2)
A105: PSA_History | B105: PSA History & Trend | C105: free_psa_pct | D105: Free PSA % | E105: number | F105: Repeating row field | G105: decimal number | H105: No | I105: No | J105: Whole-number percent, e.g. 12 | L105: Existing (v2)
...

Sheet Value_Lists
A1: Value Lists
A2: Reference sheet for every dropdown or Yes/No option set used by the entry tabs. The entry tabs use inline validations, but this sheet keeps the lists visible for review.
A4: List Name | B4: Option Order | C4: Option Value | D4: Control Notes
A5: yesNo | B5: 1 | D5: Used for multi-select chip flags in workbook form.
A6: yesNo | B6: 2 | C6: Yes | D6: Used for multi-select chip flags in workbook form.
A7: yesNo | B7: 3 | C7: No | D7: Used for multi-select chip flags in workbook form.
A8: languagePreference | B8: 1 | C8: Hindi | D8: Used as dropdown values.
A9: languagePreference | B9: 2 | C9: English | D9: Used as dropdown values.
A10: languagePreference | B10: 3 | C10: Tamil | D10: Used as dropdown values.
A11: languagePreference | B11: 4 | C11: Telugu | D11: Used as dropdown values.
A12: languagePreference | B12: 5 | C12: Bengali | D12: Used as dropdown values.
A13: languagePreference | B13: 6 | C13: Marathi | D13: Used as dropdown values.
A14: languagePreference | B14: 7 | C14: Kannada | D14: Used as dropdown values.
A15: languagePreference | B15: 8 | C15: Malayalam | D15: Used as dropdown values.
A16: languagePreference | B16: 9 | C16: Gujarati | D16: Used as dropdown values.
A17: languagePreference | B17: 10 | C17: Punjabi | D17: Used as dropdown values.
... A411: reasonForPlanChange | B411: 7 | C411: Comorbidity | D411: PROPOSED (v3) — visits & treatment plans

Sheet Dashboard
A1: Dashboard Quick Summary
A2: Operational roll-up derived from the entry tabs and the Care_Gap_Tracker sheet. Use the dedicated Home_Dashboard and Population_Dashboard tabs for the full analytics inventory and logic map.
A4: Registered Patients | C4: Patients With Any Gap | E4: Total Open Gaps | G4: Patients With Urgent Gap | I4: High / Very High / M1 | K4: Follow-up PSA Pending
A5: =COUNTIF(Demographics_Entry!$A$5:$A$104,"<>") | C5: =COUNTIF(Care_Gap_Tracker!$X$5:$X$104,">0") | E5: =SUM(Care_Gap_Tracker!$X$5:$X$104) | G5: =COUNTIF(Care_Gap_Tracker!$U$5:$U$104,">0") | I5: =COUNTIF(Care_Gap_Tracker!$C$5:$C$104,"High")+COUNTIF(Care_Gap_Tracker!$C$5:$C$104,"Very High / Locally Advanced")+COUNTIF(Care_Gap_Tracker!$C$5:$C$104,"M1 – Metastatic HSPC") | K5: =SUM(Care_Gap_Tracker!$S$5:$S$104)
A9: Gap Type | B9: Severity | C9: Open Count | D9: Formula Basis | F9: Severity | G9: Patient Count | H9: Open Gap Count
A10: Bone Scan / SPECT missing | B10: Urgent | C10: =SUM(Care_Gap_Tracker!$M$5:$M$104) | D10: High / very high / M1 with Bone Scan = Not done | F10: Urgent | G10: =COUNTIF(Care_Gap_Tracker!$U$5:$U$104,">0") | H10: =SUM(Care_Gap_Tracker!$U$5:$U$104)
A11: PSMA PET-CT missing | B11: Urgent | C11: =SUM(Care_Gap_Tracker!$N$5:$N$104) | D11: High / very high with PSMA = Not done | F11: Warning | G11: =COUNTIF(Care_Gap_Tracker!$V$5:$V$104,">0") | H11: =SUM(Care_Gap_Tracker!$V$5:$V$104)
A12: Bone protection not started | B12: Urgent | C12: =SUM(Care_Gap_Tracker!$O$5:$O$104) | D12: Bone Protection Therapy = Not started | F12: Info | G12: =COUNTIF(Care_Gap_Tracker!$W$5:$W$104,">0") | H12: =SUM(Care_Gap_Tracker!$W$5:$W$104)
A13: DEXA not done | B13: Warning | C13: =SUM(Care_Gap_Tracker!$P$5:$P$104) | D13: DEXA Bone Density = Not done
A14: Genomics not done | B14: Warning | C14: =SUM(Care_Gap_Tracker!$Q$5:$Q$104) | D14: Germline / Somatic Testing = Not done
A15: ARSI readiness gap | B15: Warning | C15: =SUM(Care_Gap_Tracker!$R$5:$R$104) | D15: HSPC + High risk + ARSI = Not initiated | F15: Operational Metric | G15: Value | H15: Formula Basis
A16: Follow-up PSA not scheduled | B16: Info | C16: =SUM(Care_Gap_Tracker!$S$5:$S$104) | D16: Next Follow-up PSA Date blank | F16: Clinical rows entered | G16: =COUNTIF(Clinical_Entry!$A$5:$A$104,"<>") | H16: Clinical_Entry patients with unique code
A17: Psychosocial screening prompt | B17: Info | C17: =SUM(Care_Gap_Tracker!$T$5:$T$104) | D17: PHQ-9 blank or Not done | F17: Treatment rows entered | G17: =COUNTIF(Treatment_Entry!$A$5:$A$104,"<>") | H17: Treatment_Entry patients with unique code
F18: PSA entries logged | G18: =COUNTIF(PSA_History!$A$5:$A$154,"<>") | H18: PSA_History rows with unique code
F19: Journey events logged | G19: =COUNTIF(Journey_Events!$A$5:$A$154,"<>") | H19: Journey_Events rows with unique code
F20: Gap burden per patient | G20: =IF(COUNTIF(Demographics_Entry!$A$5:$A$104,"<>")=0,0,SUM(Care_Gap_Tracker!$X$5:$X$104)/COUNTIF(Demographics_Entry!$A$5:$A$104,"<>")) | H20: Total open gaps / registered patients
F21: Patients with any gap % | G21: =IF(COUNTIF(Demographics_Entry!$A$5:$A$104,"<>")=0,0,COUNTIF(Care_Gap_Tracker!$X$5:$X$104,">0")/COUNTIF(Demographics_Entry!$A$5:$A$104,"<>")) | H21: Patients with any gap / registered patients

Sheet Home_Dashboard
A1: Home Dashboard Inventory
A2: Inventory of the actual home screen widgets, actions, cards, and operational lists. This tab is documentation/specification: it explains what the home surface shows and what dataset or logic drives it.
A4: Zone | B4: Widget / Feature | C4: Surface Type | D4: What It Shows | E4: Primary Driver | F4: Action / Drilldown | G4: Implementation Notes
A5: Header | B5: Doctor welcome + cohort chips | C5: Context header | D5: Doctor identity, role, department, hospital, cohort count, active care-gap count | E5: Logged-in user context + cohort counts | F5: Links to overview and quality dashboard sections | G5: This is the operational launch point for start-of-day triage.
A6: At a glance | B6: Department at a glance | C6: 4-metric summary card | D6: Last visit, upcoming, missed/overdue, population alerts | E6: Visit-status counts + insight-card counts | F6: No separate drilldown; supports quick situational scan | G6: Maps to the PRD home / welcome screen.
A7: Action card | B7: AI Buddy | C7: Guided action card | D7: Step-by-step pathway review | E7: Structured record + rule packs + practice logs + retrospective signals + access rules | F7: Opens AI Buddy overlay | G7: Workflow feature, not a row-based data-entry table.
A8: Action card | B8: Open Patient File | C8: Action card | D8: Department roster and patient queue | E8: Patient list, visit status, search | F8: Opens patient list | G8: Operational entry point rather than cohort analytics.
A9: Action card | B9: Go to Dashboard | C9: Action card | D9: Population charts and insight cards | E9: Population analytics dataset | F9: Opens population dashboard | G9: Direct route to full analytics surface.
A10: Action card | B10: Review Missed and High-Priority Patients | C10: Action card | D10: Flagged critical and recommendation patients | E10: Care-gap severity + urgent roster logic | F10: Scrolls to surfaced attention section | G10: Home triage shortcut.
A11: Action card | B11: Review Care Gaps | C11: Action card | D11: Quality & gaps view | E11: Care-gap engine | F11: Opens quality section in population dashboard | G11: Uses the same underlying nudge logic as the patient file.
A12: Action card | B12: Add New Patient | C12: Action card | D12: New registry entry | E12: Patient onboarding workflow | F12: Opens patient file in new-patient mode | G12: Workflow control, not analytics.
A13: Cohort health | B13: Protocol adherence score | C13: KPI card + progress bar | D13: Overall cohort protocol score | E13: Composite rule adherence calculation | F13: Home drilldown modal | G13: The score driver text explicitly references bone protection and PSMA staging gaps.
A14: Cohort health | B14: Open care gaps | C14: KPI card + sparkline | D14: Total active care gaps | E14: Open nudge / gap count | F14: Home drilldown modal | G14: Trend compared month-on-month.
A15: Cohort health | B15: Record completeness | C15: KPI card + sparkline | D15: Fully entered records vs total | E15: Field-group completeness | F15: Home drilldown modal | G15: Requires completeness logic across patient sections.
... A26: Review | B26: Incomplete records — data entry pending | C26: Operational list | D26: Patients missing key fields | E26: Completeness rules by patient | F26: Open patient list | G26: Important for registrar / coordinator workflows.

Sheet Population_Dashboard
A1: Population Dashboard Inventory
A2: Full map of the actual analytics dashboard in population-analytics.html. Each row represents a KPI card, chart, funnel, or section-level analytic surface with its filter scope, drilldown behavior, and required data.
A4: Section | B4: Widget ID | C4: Widget / Chart | D4: Type | E4: Time Filters | F4: Primary Measure | G4: Buckets / Segments | H4: Drilldown / Interaction | I4: Current Workbook Source | J4: Extra Derivation / Notes
A5: Overview | B5: snapshot | C5: Sidebar snapshot | D5: Summary metrics | E5: 3M / 1Y / All time | F5: High/VH Risk, Active ADT, ARSI Intensified, Care Gaps Open, Median PSA, Protocol Score | G5: None | H5: Persistent sidebar state | I5: Clinical_Entry risk + Treatment_Entry + Care_Gap_Tracker + PSA_History | J5: Median/latest logic and protocol score are derived
A6: Overview | B6: overview-kpis | C6: Total Patients / High-VH Risk / Median PSA / Active ADT / Protocol Score | D6: KPI row | E6: 3M / 1Y / All time | F6: Cohort volume and top-line performance | G6: Five KPI cards | H6: No chart drilldown; section-level anchors | I6: Demographics_Entry, Clinical_Entry, Treatment_Entry, PSA_History | J6: Protocol score is composite
A7: Overview | B7: c-reg | C7: Monthly registrations + cumulative cohort | D7: Bar + line | E7: 3M / 1Y / All time | F7: Monthly new patients and cumulative cohort | G7: Month buckets | H7: Click month to patient list | I7: Demographics_Entry.registry_enrolment_date | J7: Needs period bucket derivation
A8: Overview | B8: c-risk | C8: Risk distribution | D8: Donut | E8: 3M / 1Y / All time | F8: Risk mix | G8: Low, intermediate, high, very high / locally advanced, metastatic | H8: Click segment to patient list | I8: Clinical_Entry.eau_risk_category | J8: Requires normalized risk grouping
A9: Overview | B9: c-age | C9: Age at diagnosis | D9: Histogram | E9: 3M / 1Y / All time | F9: Age distribution | G9: Age bands | H9: Click bar to patient list | I9: Demographics_Entry.age_at_diagnosis_years | J9: Age is captured directly as a de-identified field
A10: Overview | B10: c-cov | C10: Healthcare coverage | D10: Donut | E10: 3M / 1Y / All time | F10: Coverage mix | G10: CGHS, PMJAY, ESIC, Private, Self-pay | H10: Legend-only in demo | I10: Demographics_Entry.healthcare_coverage | J10: May need normalized grouping
A11: Overview | B11: c-stage | C11: Stage at presentation | D11: Bar | E11: 3M / 1Y / All time | F11: Stage distribution | G11: cT / N / M grouped presentation buckets | H11: Click bar to patient list | I11: Clinical_Entry.clinical_t_stage, n_stage, m_stage | J11: Needs stage bucket derivation
A12: Clinical | B12: c-psadx | C12: PSA at diagnosis — distribution | D12: Histogram | E12: 3M / 1Y / All time | F12: Diagnostic PSA distribution | G12: PSA bands | H12: Click band to patient list | I12: PSA_History.psa_ng_ml + diagnosis context | J12: Needs first/diagnostic PSA selection
A13: Clinical | B13: c-psatrend | C13: PSA trend — cohort median + percentile bands | D13: Line chart | E13: 3M / 1Y / All time | F13: Longitudinal PSA movement | G13: Time periods with percentile bands | H13: No patient-level drill in demo | I13: PSA_History dates + values | J13: Requires time-series aggregation
A14: Clinical | B14: c-gleason | C14: Gleason / ISUP grade | D14: Bar | E14: 3M / 1Y / All time | F14: Pathology risk distribution | G14: Gleason or grade-group buckets | H14: Click grade to patient list | I14: Clinical_Entry.gleason_score, isup_grade_group | J14: Grade mapping derived
A15: Clinical | B15: c-psaden | C15: PSA density distribution | D15: Bar | E15: 3M / 1Y / All time | F15: PSA density spread | G15: Density bands | H15: No explicit drilldown label in UI | I15: PSA_History.psa_density | J15: Band derivation required
... A46: Demographics | B46: c-ecog | C46: ECOG performance status | D46: Donut + progress bars | E46: 3M / 1Y / All time | F46: Functional status mix | G46: ECOG 0/1/2/3 | H46: Click donut segment to patient list | I46: Clinical_Entry.ecog_performance_status | J46: Already captured with normalization

Sheet Dashboard_Derived
A1: Dashboard Derived Fields & Logic
A2: Many dashboard widgets rely on derived cohort fields rather than direct form columns. This tab lists those derived items, where they are used, and whether the workbook now captures the required source fields.
A4: Derived Field | B4: Used By | C4: Derivation Logic | D4: Source Fields | E4: Coverage | F4: Notes
A5: period bucket | B5: Home registrations, c-reg, c-psatrend, c-mdt | C5: Bucket each date into 3M / 1Y / All-time periods and month labels | D5: Registry enrolment date, PSA dates, MDT review date | E5: Partial | F5: Requires aggregation logic rather than new patient fields.
A6: risk group normalization | B6: c-risk, benchmark cards, protocol score | C6: Collapse UI risk labels into cohort risk groups | D6: Clinical_Entry.eau_risk_category | E6: Yes | F6: Directly supported from current risk field.
A7: stage-at-presentation bucket | B7: c-stage, heatmap, outcomes stratification | C7: Map T/N/M fields into presentation buckets | D7: Clinical_Entry.clinical_t_stage, n_stage, m_stage | E7: Yes | F7: Derived grouping required.
A8: age at diagnosis | B8: c-age | C8: Use numeric age-at-diagnosis entry directly, then bucket into dashboard age bands | D8: Demographics_Entry.age_at_diagnosis_years | E8: Yes | F8: This keeps the workbook de-identified while preserving the age histogram.
A9: diagnostic PSA selection | B9: c-psadx, heatmap | C9: Select PSA reading associated with diagnosis window or marked diagnostic context | D9: PSA_History | E9: Partial | F9: Needs consistent PSA-history entry practice.
A10: PSA density band | B10: c-psaden | C10: Bucket PSA density into configured bands | D10: PSA_History.psa_density | E10: Yes | F10: Band edges remain analytics config.
A11: free PSA band | B11: c-freepsa | C11: Bucket free PSA % into configured bands | D11: PSA_History.free_psa_pct | E11: Yes | F11: Band edges remain analytics config.
A12: comorbidity mask | B12: c-comorbid, c-comorbpair | C12: Convert Yes/No flags into one-hot and pair combinations | D12: Clinical_Entry comorbidity columns | E12: Yes | F12: Workbook stores each comorbidity as a separate flag.
A13: ADT duration bucket | B13: c-adtdur | C13: DATEDIF(ADT Start Date, today/filter end) | D13: Treatment_Entry.adt_start_date | E13: Yes | F13: Time filter affects active duration.
A14: treatment started flag | B14: Treatment funnel, c-timetotx | C14: Treatment start present when first active treatment date exists | D14: Treatment_Entry.treatment_start_date | E14: Yes | F14: Added for clean time-to-treatment logic.
A15: RT completed flag | B15: Treatment KPI row, funnel, c-rtoutcome | C15: RT status = Completed or RT Completion Date present | D15: Treatment_Entry.rt_status, rt_completion_date | E15: Yes | F15: Added in this revision.
... A26: nudge lifecycle history | B26: Home nudge trends, c-nudgetrend | C26: Track Opened, Viewed, Acted Upon, Resolved events over time | D26: Historical nudge events | E26: No | F26: Still requires a dedicated event log beyond patient snapshot tables.

Sheet Dashboard_Coverage
A1: Dashboard Coverage Check
A2: Coverage check between the real product dashboard and this Excel-based registry workbook. Use this tab during handover to show what is already modeled, what is partially modeled, and what still depends on application event history or non-tabular workflow data.
A4: Analytics Requirement | B4: Coverage Status | C4: Current Workbook Support | D4: Recommended Handling | E4: Why It Matters
A5: Home and population registration trends | B5: Covered | C5: Demographics_Entry.registry_enrolment_date | D5: Use enrolment date as the month-series anchor | E5: Added in this revision.
A6: Age at diagnosis | B6: Covered | C6: Demographics_Entry.age_at_diagnosis_years | D6: Derive age bucket in analytics layer | E6: Needed for the overview histogram.
A7: Referral source donut | B7: Covered | C7: Demographics_Entry.referral_source | D7: Normalize to dashboard referral buckets | E7: Added in this revision.
A8: Travel distance chart | B8: Covered | C8: Demographics_Entry.travel_distance_km | D8: Bucket into dashboard distance ranges | E8: Added in this revision.
A9: CGHS delay and pending approvals | B9: Covered | C9: Treatment_Entry.cghs_preauth_status, cghs_request_date, cghs_approval_date | D9: Derive delay days and pending counts | E9: Added in this revision.
A10: RT completed / active analytics | B10: Covered | C10: Treatment_Entry.rt_status, rt_completion_date | D10: Use status plus completion date | E10: Added in this revision.
A11: Time-to-treatment analytics | B11: Covered | C11: Clinical_Entry.diagnosis_date + Treatment_Entry.treatment_start_date | D11: Derive day buckets | E11: Added in this revision.
A12: Outcome cards and progression analytics | B12: Covered | C12: Outcomes_Entry + PSA_History + Treatment_Entry | D12: Use outcome snapshot sheet for recurrence, nadir, CRPC progression, RT outcome | E12: Added in this revision.
A13: PSA distribution and trend charts | B13: Partial | C13: PSA_History | D13: Enter diagnostic and follow-up PSA rows consistently | E13: The workbook supports capture; the analytics layer still chooses which rows drive each chart.
A14: Protocol adherence radar | B14: Partial | C14: Clinical_Entry, Treatment_Entry, Care_Gap_Tracker | D14: Requires composite benchmark calculation | E14: Source fields exist; scoring logic sits outside Excel.
A15: Bone-health quality donut | B15: Covered | C15: Clinical_Entry + Treatment_Entry + Care_Gap_Tracker | D15: Derive bone-gap categories from therapy / DEXA / calcium-Vit D | E15: Current workbook already holds the source fields.
... A20: Home surfaced patient cards | B20: Partial | C20: Can be driven from Care_Gap_Tracker + case headers | D20: Needs prioritization logic and recent activity context | E20: The workbook has the clinical source data but not the UI ranking rules.

Sheet Care_Gap_Tracker
A1: Care Gap Tracker
A2: Derived sheet. Rules are based on the current patient-file nudge logic for staging, bone protection, DEXA, genetics, ARSI readiness, and follow-up. The tracker uses unique patient codes only. Psychosocial screening is opened when PHQ-9 is blank or Not done so the tracker remains usable in Excel.
A4: Unique Patient Code | B4: Healthcare Coverage | C4: Risk Category | D4: Castration Status | E4: Bone Scan / SPECT | F4: PSMA PET-CT | G4: Bone Protection Therapy | H4: DEXA Bone Density | I4: Germline / Somatic Testing | J4: ARSI Intensification | K4: Next Follow-up PSA Date | L4: Psychosocial Screening (PHQ-9) | M4: Urgent: Bone Scan Missing | N4: Urgent: PSMA Missing | O4: Urgent: Bone Protection Missing | P4: Warning: DEXA Missing | Q4: Warning: Genetics Missing | R4: Warning: ARSI Readiness Gap | S4: Info: Follow-up Missing | T4: Info: Psychosocial Prompt | U4: Urgent Gap Count | V4: Warning Gap Count | W4: Info Gap Count | X4: Total Open Gaps | Y4: Highest Severity | Z4: Primary Gap Focus | AA4: Care Gap Summary
A5: =IF(Demographics_Entry!$A5="","",Demographics_Entry!$A5) | B5: =IF($A5="","",IFERROR(INDEX(Demographics_Entry!$E$5:$E$104,MATCH($A5,Demographics_Entry!$A$5:$A$104,0)),"")) | C5: =IF($A5="","",IFERROR(INDEX(Clinical_Entry!$U$5:$U$104,MATCH($A5,Clinical_Entry!$A$5:$A$104,0)),"")) | D5: =IF($A5="","",IFERROR(INDEX(Clinical_Entry!$W$5:$W$104,MATCH($A5,Clinical_Entry!$A$5:$A$104,0)),"")) | E5: =IF($A5="","",IFERROR(INDEX(Clinical_Entry!$Y$5:$Y$104,MATCH($A5,Clinical_Entry!$A$5:$A$104,0)),"")) | F5: =IF($A5="","",IFERROR(INDEX(Clinical_Entry!$Z$5:$Z$104,MATCH($A5,Clinical_Entry!$A$5:$A$104,0)),"")) | G5: =IF($A5="","",IFERROR(INDEX(Treatment_Entry!$AA$5:$AA$104,MATCH($A5,Treatment_Entry!$A$5:$A$104,0)),"")) | H5: =IF($A5="","",IFERROR(INDEX(Clinical_Entry!$AB$5:$AB$104,MATCH($A5,Clinical_Entry!$A$5:$A$104,0)),"")) | I5: =IF($A5="","",IFERROR(INDEX(Clinical_Entry!$AC$5:$AC$104,MATCH($A5,Clinical_Entry!$A$5:$A$104,0)),"")) | J5: =IF($A5="","",IFERROR(INDEX(Treatment_Entry!$K$5:$K$104,MATCH($A5,Treatment_Entry!$A$5:$A$104,0)),"")) | K5: =IF($A5="","",IFERROR(INDEX(Treatment_Entry!$AC$5:$AC$104,MATCH($A5,Treatment_Entry!$A$5:$A$104,0)),"")) | L5: =IF($A5="","",IFERROR(INDEX(Treatment_Entry!$AE$5:$AE$104,MATCH($A5,Treatment_Entry!$A$5:$A$104,0)),"")) | M5: =IF($A5="","",IF(AND($E5="Not done",OR($C5="High",$C5="Very High / Locally Advanced",LEFT($C5,2)="M1")),1,0)) | N5: =IF($A5="","",IF(AND($F5="Not done",OR($C5="High",$C5="Very High / Locally Advanced")),1,0)) | O5: =IF($A5="","",IF($G5="Not started",1,0)) | P5: =IF($A5="","",IF($H5="Not done",1,0)) | Q5: =IF($A5="","",IF($I5="Not done",1,0)) | R5: =IF($A5="","",IF(AND($D5="Hormone-sensitive (HSPC)",$C5="High",$J5="Not initiated"),1,0)) | S5: =IF($A5="","",IF($K5="",1,0)) | T5: =IF($A5="","",IF(OR($L5="",$L5="Not done"),1,0)) | U5: =IF($A5="","",SUM($M5:$O5)) | V5: =IF($A5="","",SUM($P5:$R5)) | W5: =IF($A5="","",SUM($S5:$T5)) | X5: =IF($A5="","",SUM($U5:$W5)) | Y5: =IF($A5="","",IF($U5>0,"Urgent",IF($V5>0,"Warning",IF($W5>0,"Info","Closed")))) | Z5: =IF($A5="","",IF($M5=1,"Complete bone scan / SPECT",IF($N5=1,"Complete PSMA PET-CT",IF($O5=1,"Start bone protection plan",IF($P5=1,"Order DEXA",IF($Q5=1,"Order genomics",IF($R5=1,"Review ARSI intensification",IF($S5=1,"Schedule follow-up PSA",IF($T5=1,"Document psychosocial screening","No open gap"))))))))) | AA5: =IF($A5="","",IF($X5=0,"No open care gaps",$Y5&" priority · "&$Z5))
A6: =IF(Demographics_Entry!$A6="","",Demographics_Entry!$A6) | B6: =IF($A6="","",IFERROR(INDEX(Demographics_Entry!$E$5:$E$104,MATCH($A6,Demographics_Entry!$A$5:$A$104,0)),"")) | C6: =IF($A6="","",IFERROR(INDEX(Clinical_Entry!$U$5:$U$104,MATCH($A6,Clinical_Entry!$A$5:$A$104,0)),"")) | D6: =IF($A6="","",IFERROR(INDEX(Clinical_Entry!$W$5:$W$104,MATCH($A6,Clinical_Entry!$A$5:$A$104,0)),"")) | E6: =IF($A6="","",IFERROR(INDEX(Clinical_Entry!$Y$5:$Y$104,MATCH($A6,Clinical_Entry!$A$5:$A$104,0)),"")) | F6: =IF($A6="","",IFERROR(INDEX(Clinical_Entry!$Z$5:$Z$104,MATCH($A6,Clinical_Entry!$A$5:$A$104,0)),"")) | G6: =IF($A6="","",IFERROR(INDEX(Treatment_Entry!$AA$5:$AA$104,MATCH($A6,Treatment_Entry!$A$5:$A$104,0)),"")) | H6: =IF($A6="","",IFERROR(INDEX(Clinical_Entry!$AB$5:$AB$104,MATCH($A6,Clinical_Entry!$A$5:$A$104,0)),"")) | I6: =IF($A6="","",IFERROR(INDEX(Clinical_Entry!$AC$5:$AC$104,MATCH($A6,Clinical_Entry!$A$5:$A$104,0)),"")) | J6: =IF($A6="","",IFERROR(INDEX(Treatment_Entry!$K$5:$K$104,MATCH($A6,Treatment_Entry!$A$5:$A$104,0)),"")) | K6: =IF($A6="","",IFERROR(INDEX(Treatment_Entry!$AC$5:$AC$104,MATCH($A6,Treatment_Entry!$A$5:$A$104,0)),"")) | L6: =IF($A6="","",IFERROR(INDEX(Treatment_Entry!$AE$5:$AE$104,MATCH($A6,Treatment_Entry!$A$5:$A$104,0)),"")) | M6: =IF($A6="","",IF(AND($E6="Not done",OR($C6="High",$C6="Very High / Locally Advanced",LEFT($C6,2)="M1")),1,0)) | N6: =IF($A6="","",IF(AND($F6="Not done",OR($C6="High",$C6="Very High / Locally Advanced")),1,0)) | O6: =IF($A6="","",IF($G6="Not started",1,0)) | P6: =IF($A6="","",IF($H6="Not done",1,0)) | Q6: =IF($A6="","",IF($I6="Not done",1,0)) | R6: =IF($A6="","",IF(AND($D6="Hormone-sensitive (HSPC)",$C6="High",$J6="Not initiated"),1,0)) | S6: =IF($A6="","",IF($K6="",1,0)) | T6: =IF($A6="","",IF(OR($L6="",$L6="Not done"),1,0)) | U6: =IF($A6="","",SUM($M6:$O6)) | V6: =IF($A6="","",SUM($P6:$R6)) | W6: =IF($A6="","",SUM($S6:$T6)) | X6: =IF($A6="","",SUM($U6:$W6)) | Y6: =IF($A6="","",IF($U6>0,"Urgent",IF($V6>0,"Warning",IF($W6>0,"Info","Closed")))) | Z6: =IF($A6="","",IF($M6=1,"Complete bone scan / SPECT",IF($N6=1,"Complete PSMA PET-CT",IF($O6=1,"Start bone protection plan",IF($P6=1,"Order DEXA",IF($Q6=1,"Order genomics",IF($R6=1,"Review ARSI intensification",IF($S6=1,"Schedule follow-up PSA",IF($T6=1,"Document psychosocial screening","No open gap"))))))))) | AA6: =IF($A6="","",IF($X6=0,"No open care gaps",$Y6&" priority · "&$Z6))
A7: =IF(Demographics_Entry!$A7="","",Demographics_Entry!$A7) | B7: =IF($A7="","",IFERROR(INDEX(Demographics_Entry!$E$5:$E$104,MATCH($A7,Demographics_Entry!$A$5:$A$104,0)),"")) | C7: =IF($A7="","",IFERROR(INDEX(Clinical_Entry!$U$5:$U$104,MATCH($A7,Clinical_Entry!$A$5:$A$104,0)),"")) | D7: =IF($A7="","",IFERROR(INDEX(Clinical_Entry!$W$5:$W$104,MATCH($A7,Clinical_Entry!$A$5:$A$104,0)),"")) | E7: =IF($A7="","",IFERROR(INDEX(Clinical_Entry!$Y$5:$Y$104,MATCH($A7,Clinical_Entry!$A$5:$A$104,0)),"")) | F7: =IF($A7="","",IFERROR(INDEX(Clinical_Entry!$Z$5:$Z$104,MATCH($A7,Clinical_Entry!$A$5:$A$104,0)),"")) | G7: =IF($A7="","",IFERROR(INDEX(Treatment_Entry!$AA$5:$AA$104,MATCH($A7,Treatment_Entry!$A$5:$A$104,0)),"")) | H7: =IF($A7="","",IFERROR(INDEX(Clinical_Entry!$AB$5:$AB$104,MATCH($A7,Clinical_Entry!$A$5:$A$104,0)),"")) | I7: =IF($A7="","",IFERROR(INDEX(Clinical_Entry!$AC$5:$AC$104,MATCH($A7,Clinical_Entry!$A$5:$A$104,0)),"")) | J7: =IF($A7="","",IFERROR(INDEX(Treatment_Entry!$K$5:$K$104,MATCH($A7,Treatment_Entry!$A$5:$A$104,0)),"")) | K7: =IF($A7="","",IFERROR(INDEX(Treatment_Entry!$AC$5:$AC$104,MATCH($A7,Treatment_Entry!$A$5:$A$104,0)),"")) | L7: =IF($A7="","",IFERROR(INDEX(Treatment_Entry!$AE$5:$AE$104,MATCH($A7,Treatment_Entry!$A$5:$A$104,0)),"")) | M7: =IF($A7="","",IF(AND($E7="Not done",OR($C7="High",$C7="Very High / Locally Advanced",LEFT($C7,2)="M1")),1,0)) | N7: =IF($A7="","",IF(AND($F7="Not done",OR($C7="High",$C7="Very High / Locally Advanced")),1,0)) | O7: =IF($A7="","",IF($G7="Not started",1,0)) | P7: =IF($A7="","",IF($H7="Not done",1,0)) | Q7: =IF($A7="","",IF($I7="Not done",1,0)) | R7: =IF($A7="","",IF(AND($D7="Hormone-sensitive (HSPC)",$C7="High",$J7="Not initiated"),1,0)) | S7: =IF($A7="","",IF($K7="",1,0)) | T7: =IF($A7="","",IF(OR($L7="",$L7="Not done"),1,0)) | U7: =IF($A7="","",SUM($M7:$O7)) | V7: =IF($A7="","",SUM($P7:$R7)) | W7: =IF($A7="","",SUM($S7:$T7)) | X7: =IF($A7="","",SUM($U7:$W7)) | Y7: =IF($A7="","",IF($U7>0,"Urgent",IF($V7>0,"Warning",IF($W7>0,"Info","Closed")))) | Z7: =IF($A7="","",IF($M7=1,"Complete bone scan / SPECT",IF($N7=1,"Complete PSMA PET-CT",IF($O7=1,"Start bone protection plan",IF($P7=1,"Order DEXA",IF($Q7=1,"Order genomics",IF($R7=1,"Review ARSI intensification",IF($S7=1,"Schedule follow-up PSA",IF($T7=1,"Document psychosocial screening","No open gap"))))))))) | AA7: =IF($A7="","",IF($X7=0,"No open care gaps",$Y7&" priority · "&$Z7))
A8: =IF(Demographics_Entry!$A8="","",Demographics_Entry!$A8) | B8: =IF($A8="","",IFERROR(INDEX(Demographics_Entry!$E$5:$E$104,MATCH($A8,Demographics_Entry!$A$5:$A$104,0)),"")) | C8: =IF($A8="","",IFERROR(INDEX(Clinical_Entry!$U$5:$U$104,MATCH($A8,Clinical_Entry!$A$5:$A$104,0)),"")) | D8: =IF($A8="","",IFERROR(INDEX(Clinical_Entry!$W$5:$W$104,MATCH($A8,Clinical_Entry!$A$5:$A$104,0)),"")) | E8: =IF($A8="","",IFERROR(INDEX(Clinical_Entry!$Y$5:$Y$104,MATCH($A8,Clinical_Entry!$A$5:$A$104,0)),"")) | F8: =IF($A8="","",IFERROR(INDEX(Clinical_Entry!$Z$5:$Z$104,MATCH($A8,Clinical_Entry!$A$5:$A$104,0)),"")) | G8: =IF($A8="","",IFERROR(INDEX(Treatment_Entry!$AA$5:$AA$104,MATCH($A8,Treatment_Entry!$A$5:$A$104,0)),"")) | H8: =IF($A8="","",IFERROR(INDEX(Clinical_Entry!$AB$5:$AB$104,MATCH($A8,Clinical_Entry!$A$5:$A$104,0)),"")) | I8: =IF($A8="","",IFERROR(INDEX(Clinical_Entry!$AC$5:$AC$104,MATCH($A8,Clinical_Entry!$A$5:$A$104,0)),"")) | J8: =IF($A8="","",IFERROR(INDEX(Treatment_Entry!$K$5:$K$104,MATCH($A8,Treatment_Entry!$A$5:$A$104,0)),"")) | K8: =IF($A8="","",IFERROR(INDEX(Treatment_Entry!$AC$5:$AC$104,MATCH($A8,Treatment_Entry!$A$5:$A$104,0)),"")) | L8: =IF($A8="","",IFERROR(INDEX(Treatment_Entry!$AE$5:$AE$104,MATCH($A8,Treatment_Entry!$A$5:$A$104,0)),"")) | M8: =IF($A8="","",IF(AND($E8="Not done",OR($C8="High",$C8="Very High / Locally Advanced",LEFT($C8,2)="M1")),1,0)) | N8: =IF($A8="","",IF(AND($F8="Not done",OR($C8="High",$C8="Very High / Locally Advanced")),1,0)) | O8: =IF($A8="","",IF($G8="Not started",1,0)) | P8: =IF($A8="","",IF($H8="Not done",1,0)) | Q8: =IF($A8="","",IF($I8="Not done",1,0)) | R8: =IF($A8="","",IF(AND($D8="Hormone-sensitive (HSPC)",$C8="High",$J8="Not initiated"),1,0)) | S8: =IF($A8="","",IF($K8="",1,0)) | T8: =IF($A8="","",IF(OR($L8="",$L8="Not done"),1,0)) | U8: =IF($A8="","",SUM($M8:$O8)) | V8: =IF($A8="","",SUM($P8:$R8)) | W8: =IF($A8="","",SUM($S8:$T8)) | X8: =IF($A8="","",SUM($U8:$W8)) | Y8: =IF($A8="","",IF($U8>0,"Urgent",IF($V8>0,"Warning",IF($W8>0,"Info","Closed")))) | Z8: =IF($A8="","",IF($M8=1,"Complete bone scan / SPECT",IF($N8=1,"Complete PSMA PET-CT",IF($O8=1,"Start bone protection plan",IF($P8=1,"Order DEXA",IF($Q8=1,"Order genomics",IF($R8=1,"Review ARSI intensification",IF($S8=1,"Schedule follow-up PSA",IF($T8=1,"Document psychosocial screening","No open gap"))))))))) | AA8: =IF($A8="","",IF($X8=0,"No open care gaps",$Y8&" priority · "&$Z8))
A9: =IF(Demographics_Entry!$A9="","",Demographics_Entry!$A9) | B9: =IF($A9="","",IFERROR(INDEX(Demographics_Entry!$E$5:$E$104,MATCH($A9,Demographics_Entry!$A$5:$A$104,0)),"")) | C9: =IF($A9="","",IFERROR(INDEX(Clinical_Entry!$U$5:$U$104,MATCH($A9,Clinical_Entry!$A$5:$A$104,0)),"")) | D9: =IF($A9="","",IFERROR(INDEX(Clinical_Entry!$W$5:$W$104,MATCH($A9,Clinical_Entry!$A$5:$A$104,0)),"")) | E9: =IF($A9="","",IFERROR(INDEX(Clinical_Entry!$Y$5:$Y$104,MATCH($A9,Clinical_Entry!$A$5:$A$104,0)),"")) | F9: =IF($A9="","",IFERROR(INDEX(Clinical_Entry!$Z$5:$Z$104,MATCH($A9,Clinical_Entry!$A$5:$A$104,0)),"")) | G9: =IF($A9="","",IFERROR(INDEX(Treatment_Entry!$AA$5:$AA$104,MATCH($A9,Treatment_Entry!$A$5:$A$104,0)),"")) | H9: =IF($A9="","",IFERROR(INDEX(Clinical_Entry!$AB$5:$AB$104,MATCH($A9,Clinical_Entry!$A$5:$A$104,0)),"")) | I9: =IF($A9="","",IFERROR(INDEX(Clinical_Entry!$AC$5:$AC$104,MATCH($A9,Clinical_Entry!$A$5:$A$104,0)),"")) | J9: =IF($A9="","",IFERROR(INDEX(Treatment_Entry!$K$5:$K$104,MATCH($A9,Treatment_Entry!$A$5:$A$104,0)),"")) | K9: =IF($A9="","",IFERROR(INDEX(Treatment_Entry!$AC$5:$AC$104,MATCH($A9,Treatment_Entry!$A$5:$A$104,0)),"")) | L9: =IF($A9="","",IFERROR(INDEX(Treatment_Entry!$AE$5:$AE$104,MATCH($A9,Treatment_Entry!$A$5:$A$104,0)),"")) | M9: =IF($A9="","",IF(AND($E9="Not done",OR($C9="High",$C9="Very High / Locally Advanced",LEFT($C9,2)="M1")),1,0)) | N9: =IF($A9="","",IF(AND($F9="Not done",OR($C9="High",$C9="Very High / Locally Advanced")),1,0)) | O9: =IF($A9="","",IF($G9="Not started",1,0)) | P9: =IF($A9="","",IF($H9="Not done",1,0)) | Q9: =IF($A9="","",IF($I9="Not done",1,0)) | R9: =IF($A9="","",IF(AND($D9="Hormone-sensitive (HSPC)",$C9="High",$J9="Not initiated"),1,0)) | S9: =IF($A9="","",IF($K9="",1,0)) | T9: =IF($A9="","",IF(OR($L9="",$L9="Not done"),1,0)) | U9: =IF($A9="","",SUM($M9:$O9)) | V9: =IF($A9="","",SUM($P9:$R9)) | W9: =IF($A9="","",SUM($S9:$T9)) | X9: =IF($A9="","",SUM($U9:$W9)) | Y9: =IF($A9="","",IF($U9>0,"Urgent",IF($V9>0,"Warning",IF($W9>0,"Info","Closed")))) | Z9: =IF($A9="","",IF($M9=1,"Complete bone scan / SPECT",IF($N9=1,"Complete PSMA PET-CT",IF($O9=1,"Start bone protection plan",IF($P9=1,"Order DEXA",IF($Q9=1,"Order genomics",IF($R9=1,"Review ARSI intensification",IF($S9=1,"Schedule follow-up PSA",IF($T9=1,"Document psychosocial screening","No open gap"))))))))) | AA9: =IF($A9="","",IF($X9=0,"No open care gaps",$Y9&" priority · "&$Z9))
A10: =IF(Demographics_Entry!$A10="","",Demographics_Entry!$A10) | B10: =IF($A10="","",IFERROR(INDEX(Demographics_Entry!$E$5:$E$104,MATCH($A10,Demographics_Entry!$A$5:$A$104,0)),"")) | C10: =IF($A10="","",IFERROR(INDEX(Clinical_Entry!$U$5:$U$104,MATCH($A10,Clinical_Entry!$A$5:$A$104,0)),"")) | D10: =IF($A10="","",IFERROR(INDEX(Clinical_Entry!$W$5:$W$104,MATCH($A10,Clinical_Entry!$A$5:$A$104,0)),"")) | E10: =IF($A10="","",IFERROR(INDEX(Clinical_Entry!$Y$5:$Y$104,MATCH($A10,Clinical_Entry!$A$5:$A$104,0)),"")) | F10: =IF($A10="","",IFERROR(INDEX(Clinical_Entry!$Z$5:$Z$104,MATCH($A10,Clinical_Entry!$A$5:$A$104,0)),"")) | G10: =IF($A10="","",IFERROR(INDEX(Treatment_Entry!$AA$5:$AA$104,MATCH($A10,Treatment_Entry!$A$5:$A$104,0)),"")) | H10: =IF($A10="","",IFERROR(INDEX(Clinical_Entry!$AB$5:$AB$104,MATCH($A10,Clinical_Entry!$A$5:$A$104,0)),"")) | I10: =IF($A10="","",IFERROR(INDEX(Clinical_Entry!$AC$5:$AC$104,MATCH($A10,Clinical_Entry!$A$5:$A$104,0)),"")) | J10: =IF($A10="","",IFERROR(INDEX(Treatment_Entry!$K$5:$K$104,MATCH($A10,Treatment_Entry!$A$5:$A$104,0)),"")) | K10: =IF($A10="","",IFERROR(INDEX(Treatment_Entry!$AC$5:$AC$104,MATCH($A10,Treatment_Entry!$A$5:$A$104,0)),"")) | L10: =IF($A10="","",IFERROR(INDEX(Treatment_Entry!$AE$5:$AE$104,MATCH($A10,Treatment_Entry!$A$5:$A$104,0)),"")) | M10: =IF($A10="","",IF(AND($E10="Not done",OR($C10="High",$C10="Very High / Locally Advanced",LEFT($C10,2)="M1")),1,0)) | N10: =IF($A10="","",IF(AND($F10="Not done",OR($C10="High",$C10="Very High / Locally Advanced")),1,0)) | O10: =IF($A10="","",IF($G10="Not started",1,0)) | P10: =IF($A10="","",IF($H10="Not done",1,0)) | Q10: =IF($A10="","",IF($I10="Not done",1,0)) | R10: =IF($A10="","",IF(AND($D10="Hormone-sensitive (HSPC)",$C10="High",$J10="Not initiated"),1,0)) | S10: =IF($A10="","",IF($K10="",1,0)) | T10: =IF($A10="","",IF(OR($L10="",$L10="Not done"),1,0)) | U10: =IF($A10="","",SUM($M10:$O10)) | V10: =IF($A10="","",SUM($P10:$R10)) | W10: =IF($A10="","",SUM($S10:$T10)) | X10: =IF($A10="","",SUM($U10:$W10)) | Y10: =IF($A10="","",IF($U10>0,"Urgent",IF($V10>0,"Warning",IF($W10>0,"Info","Closed")))) | Z10: =IF($A10="","",IF($M10=1,"Complete bone scan / SPECT",IF($N10=1,"Complete PSMA PET-CT",IF($O10=1,"Start bone protection plan",IF($P10=1,"Order DEXA",IF($Q10=1,"Order genomics",IF($R10=1,"Review ARSI intensification",IF($S10=1,"Schedule follow-up PSA",IF($T10=1,"Document psychosocial screening","No open gap"))))))))) | AA10: =IF($A10="","",IF($X10=0,"No open care gaps",$Y10&" priority · "&$Z10))
A11: =IF(Demographics_Entry!$A11="","",Demographics_Entry!$A11) | B11: =IF($A11="","",IFERROR(INDEX(Demographics_Entry!$E$5:$E$104,MATCH($A11,Demographics_Entry!$A$5:$A$104,0)),"")) | C11: =IF($A11="","",IFERROR(INDEX(Clinical_Entry!$U$5:$U$104,MATCH($A11,Clinical_Entry!$A$5:$A$104,0)),"")) | D11: =IF($A11="","",IFERROR(INDEX(Clinical_Entry!$W$5:$W$104,MATCH($A11,Clinical_Entry!$A$5:$A$104,0)),"")) | E11: =IF($A11="","",IFERROR(INDEX(Clinical_Entry!$Y$5:$Y$104,MATCH($A11,Clinical_Entry!$A$5:$A$104,0)),"")) | F11: =IF($A11="","",IFERROR(INDEX(Clinical_Entry!$Z$5:$Z$104,MATCH($A11,Clinical_Entry!$A$5:$A$104,0)),"")) | G11: =IF($A11="","",IFERROR(INDEX(Treatment_Entry!$AA$5:$AA$104,MATCH($A11,Treatment_Entry!$A$5:$A$104,0)),"")) | H11: =IF($A11="","",IFERROR(INDEX(Clinical_Entry!$AB$5:$AB$104,MATCH($A11,Clinical_Entry!$A$5:$A$104,0)),"")) | I11: =IF($A11="","",IFERROR(INDEX(Clinical_Entry!$AC$5:$AC$104,MATCH($A11,Clinical_Entry!$A$5:$A$104,0)),"")) | J11: =IF($A11="","",IFERROR(INDEX(Treatment_Entry!$K$5:$K$104,MATCH($A11,Treatment_Entry!$A$5:$A$104,0)),"")) | K11: =IF($A11="","",IFERROR(INDEX(Treatment_Entry!$AC$5:$AC$104,MATCH($A11,Treatment_Entry!$A$5:$A$104,0)),"")) | L11: =IF($A11="","",IFERROR(INDEX(Treatment_Entry!$AE$5:$AE$104,MATCH($A11,Treatment_Entry!$A$5:$A$104,0)),"")) | M11: =IF($A11="","",IF(AND($E11="Not done",OR($C11="High",$C11="Very High / Locally Advanced",LEFT($C11,2)="M1")),1,0)) | N11: =IF($A11="","",IF(AND($F11="Not done",OR($C11="High",$C11="Very High / Locally Advanced")),1,0)) | O11: =IF($A11="","",IF($G11="Not started",1,0)) | P11: =IF($A11="","",IF($H11="Not done",1,0)) | Q11: =IF($A11="","",IF($I11="Not done",1,0)) | R11: =IF($A11="","",IF(AND($D11="Hormone-sensitive (HSPC)",$C11="High",$J11="Not initiated"),1,0)) | S11: =IF($A11="","",IF($K11="",1,0)) | T11: =IF($A11="","",IF(OR($L11="",$L11="Not done"),1,0)) | U11: =IF($A11="","",SUM($M11:$O11)) | V11: =IF($A11="","",SUM($P11:$R11)) | W11: =IF($A11="","",SUM($S11:$T11)) | X11: =IF($A11="","",SUM($U11:$W11)) | Y11: =IF($A11="","",IF($U11>0,"Urgent",IF($V11>0,"Warning",IF($W11>0,"Info","Closed")))) | Z11: =IF($A11="","",IF($M11=1,"Complete bone scan / SPECT",IF($N11=1,"Complete PSMA PET-CT",IF($O11=1,"Start bone protection plan",IF($P11=1,"Order DEXA",IF($Q11=1,"Order genomics",IF($R11=1,"Review ARSI intensification",IF($S11=1,"Schedule follow-up PSA",IF($T11=1,"Document psychosocial screening","No open gap"))))))))) | AA11: =IF($A11="","",IF($X11=0,"No open care gaps",$Y11&" priority · "&$Z11))
A12: =IF(Demographics_Entry!$A12="","",Demographics_Entry!$A12) | B12: =IF($A12="","",IFERROR(INDEX(Demographics_Entry!$E$5:$E$104,MATCH($A12,Demographics_Entry!$A$5:$A$104,0)),"")) | C12: =IF($A12="","",IFERROR(INDEX(Clinical_Entry!$U$5:$U$104,MATCH($A12,Clinical_Entry!$A$5:$A$104,0)),"")) | D12: =IF($A12="","",IFERROR(INDEX(Clinical_Entry!$W$5:$W$104,MATCH($A12,Clinical_Entry!$A$5:$A$104,0)),"")) | E12: =IF($A12="","",IFERROR(INDEX(Clinical_Entry!$Y$5:$Y$104,MATCH($A12,Clinical_Entry!$A$5:$A$104,0)),"")) | F12: =IF($A12="","",IFERROR(INDEX(Clinical_Entry!$Z$5:$Z$104,MATCH($A12,Clinical_Entry!$A$5:$A$104,0)),"")) | G12: =IF($A12="","",IFERROR(INDEX(Treatment_Entry!$AA$5:$AA$104,MATCH($A12,Treatment_Entry!$A$5:$A$104,0)),"")) | H12: =IF($A12="","",IFERROR(INDEX(Clinical_Entry!$AB$5:$AB$104,MATCH($A12,Clinical_Entry!$A$5:$A$104,0)),"")) | I12: =IF($A12="","",IFERROR(INDEX(Clinical_Entry!$AC$5:$AC$104,MATCH($A12,Clinical_Entry!$A$5:$A$104,0)),"")) | J12: =IF($A12="","",IFERROR(INDEX(Treatment_Entry!$K$5:$K$104,MATCH($A12,Treatment_Entry!$A$5:$A$104,0)),"")) | K12: =IF($A12="","",IFERROR(INDEX(Treatment_Entry!$AC$5:$AC$104,MATCH($A12,Treatment_Entry!$A$5:$A$104,0)),"")) | L12: =IF($A12="","",IFERROR(INDEX(Treatment_Entry!$AE$5:$AE$104,MATCH($A12,Treatment_Entry!$A$5:$A$104,0)),"")) | M12: =IF($A12="","",IF(AND($E12="Not done",OR($C12="High",$C12="Very High / Locally Advanced",LEFT($C12,2)="M1")),1,0)) | N12: =IF($A12="","",IF(AND($F12="Not done",OR($C12="High",$C12="Very High / Locally Advanced")),1,0)) | O12: =IF($A12="","",IF($G12="Not started",1,0)) | P12: =IF($A12="","",IF($H12="Not done",1,0)) | Q12: =IF($A12="","",IF($I12="Not done",1,0)) | R12: =IF($A12="","",IF(AND($D12="Hormone-sensitive (HSPC)",$C12="High",$J12="Not initiated"),1,0)) | S12: =IF($A12="","",IF($K12="",1,0)) | T12: =IF($A12="","",IF(OR($L12="",$L12="Not done"),1,0)) | U12: =IF($A12="","",SUM($M12:$O12)) | V12: =IF($A12="","",SUM($P12:$R12)) | W12: =IF($A12="","",SUM($S12:$T12)) | X12: =IF($A12="","",SUM($U12:$W12)) | Y12: =IF($A12="","",IF($U12>0,"Urgent",IF($V12>0,"Warning",IF($W12>0,"Info","Closed")))) | Z12: =IF($A12="","",IF($M12=1,"Complete bone scan / SPECT",IF($N12=1,"Complete PSMA PET-CT",IF($O12=1,"Start bone protection plan",IF($P12=1,"Order DEXA",IF($Q12=1,"Order genomics",IF($R12=1,"Review ARSI intensification",IF($S12=1,"Schedule follow-up PSA",IF($T12=1,"Document psychosocial screening","No open gap"))))))))) | AA12: =IF($A12="","",IF($X12=0,"No open care gaps",$Y12&" priority · "&$Z12))
A13: =IF(Demographics_Entry!$A13="","",Demographics_Entry!$A13) | B13: =IF($A13="","",IFERROR(INDEX(Demographics_Entry!$E$5:$E$104,MATCH($A13,Demographics_Entry!$A$5:$A$104,0)),"")) | C13: =IF($A13="","",IFERROR(INDEX(Clinical_Entry!$U$5:$U$104,MATCH($A13,Clinical_Entry!$A$5:$A$104,0)),"")) | D13: =IF($A13="","",IFERROR(INDEX(Clinical_Entry!$W$5:$W$104,MATCH($A13,Clinical_Entry!$A$5:$A$104,0)),"")) | E13: =IF($A13="","",IFERROR(INDEX(Clinical_Entry!$Y$5:$Y$104,MATCH($A13,Clinical_Entry!$A$5:$A$104,0)),"")) | F13: =IF($A13="","",IFERROR(INDEX(Clinical_Entry!$Z$5:$Z$104,MATCH($A13,Clinical_Entry!$A$5:$A$104,0)),"")) | G13: =IF($A13="","",IFERROR(INDEX(Treatment_Entry!$AA$5:$AA$104,MATCH($A13,Treatment_Entry!$A$5:$A$104,0)),"")) | H13: =IF($A13="","",IFERROR(INDEX(Clinical_Entry!$AB$5:$AB$104,MATCH($A13,Clinical_Entry!$A$5:$A$104,0)),"")) | I13: =IF($A13="","",IFERROR(INDEX(Clinical_Entry!$AC$5:$AC$104,MATCH($A13,Clinical_Entry!$A$5:$A$104,0)),"")) | J13: =IF($A13="","",IFERROR(INDEX(Treatment_Entry!$K$5:$K$104,MATCH($A13,Treatment_Entry!$A$5:$A$104,0)),"")) | K13: =IF($A13="","",IFERROR(INDEX(Treatment_Entry!$AC$5:$AC$104,MATCH($A13,Treatment_Entry!$A$5:$A$104,0)),"")) | L13: =IF($A13="","",IFERROR(INDEX(Treatment_Entry!$AE$5:$AE$104,MATCH($A13,Treatment_Entry!$A$5:$A$104,0)),"")) | M13: =IF($A13="","",IF(AND($E13="Not done",OR($C13="High",$C13="Very High / Locally Advanced",LEFT($C13,2)="M1")),1,0)) | N13: =IF($A13="","",IF(AND($F13="Not done",OR($C13="High",$C13="Very High / Locally Advanced")),1,0)) | O13: =IF($A13="","",IF($G13="Not started",1,0)) | P13: =IF($A13="","",IF($H13="Not done",1,0)) | Q13: =IF($A13="","",IF($I13="Not done",1,0)) | R13: =IF($A13="","",IF(AND($D13="Hormone-sensitive (HSPC)",$C13="High",$J13="Not initiated"),1,0)) | S13: =IF($A13="","",IF($K13="",1,0)) | T13: =IF($A13="","",IF(OR($L13="",$L13="Not done"),1,0)) | U13: =IF($A13="","",SUM($M13:$O13)) | V13: =IF($A13="","",SUM($P13:$R13)) | W13: =IF($A13="","",SUM($S13:$T13)) | X13: =IF($A13="","",SUM($U13:$W13)) | Y13: =IF($A13="","",IF($U13>0,"Urgent",IF($V13>0,"Warning",IF($W13>0,"Info","Closed")))) | Z13: =IF($A13="","",IF($M13=1,"Complete bone scan / SPECT",IF($N13=1,"Complete PSMA PET-CT",IF($O13=1,"Start bone protection plan",IF($P13=1,"Order DEXA",IF($Q13=1,"Order genomics",IF($R13=1,"Review ARSI intensification",IF($S13=1,"Schedule follow-up PSA",IF($T13=1,"Document psychosocial screening","No open gap"))))))))) | AA13: =IF($A13="","",IF($X13=0,"No open care gaps",$Y13&" priority · "&$Z13))
A14: =IF(Demographics_Entry!$A14="","",Demographics_Entry!$A14) | B14: =IF($A14="","",IFERROR(INDEX(Demographics_Entry!$E$5:$E$104,MATCH($A14,Demographics_Entry!$A$5:$A$104,0)),"")) | C14: =IF($A14="","",IFERROR(INDEX(Clinical_Entry!$U$5:$U$104,MATCH($A14,Clinical_Entry!$A$5:$A$104,0)),"")) | D14: =IF($A14="","",IFERROR(INDEX(Clinical_Entry!$W$5:$W$104,MATCH($A14,Clinical_Entry!$A$5:$A$104,0)),"")) | E14: =IF($A14="","",IFERROR(INDEX(Clinical_Entry!$Y$5:$Y$104,MATCH($A14,Clinical_Entry!$A$5:$A$104,0)),"")) | F14: =IF($A14="","",IFERROR(INDEX(Clinical_Entry!$Z$5:$Z$104,MATCH($A14,Clinical_Entry!$A$5:$A$104,0)),"")) | G14: =IF($A14="","",IFERROR(INDEX(Treatment_Entry!$AA$5:$AA$104,MATCH($A14,Treatment_Entry!$A$5:$A$104,0)),"")) | H14: =IF($A14="","",IFERROR(INDEX(Clinical_Entry!$AB$5:$AB$104,MATCH($A14,Clinical_Entry!$A$5:$A$104,0)),"")) | I14: =IF($A14="","",IFERROR(INDEX(Clinical_Entry!$AC$5:$AC$104,MATCH($A14,Clinical_Entry!$A$5:$A$104,0)),"")) | J14: =IF($A14="","",IFERROR(INDEX(Treatment_Entry!$K$5:$K$104,MATCH($A14,Treatment_Entry!$A$5:$A$104,0)),"")) | K14: =IF($A14="","",IFERROR(INDEX(Treatment_Entry!$AC$5:$AC$104,MATCH($A14,Treatment_Entry!$A$5:$A$104,0)),"")) | L14: =IF($A14="","",IFERROR(INDEX(Treatment_Entry!$AE$5:$AE$104,MATCH($A14,Treatment_Entry!$A$5:$A$104,0)),"")) | M14: =IF($A14="","",IF(AND($E14="Not done",OR($C14="High",$C14="Very High / Locally Advanced",LEFT($C14,2)="M1")),1,0)) | N14: =IF($A14="","",IF(AND($F14="Not done",OR($C14="High",$C14="Very High / Locally Advanced")),1,0)) | O14: =IF($A14="","",IF($G14="Not started",1,0)) | P14: =IF($A14="","",IF($H14="Not done",1,0)) | Q14: =IF($A14="","",IF($I14="Not done",1,0)) | R14: =IF($A14="","",IF(AND($D14="Hormone-sensitive (HSPC)",$C14="High",$J14="Not initiated"),1,0)) | S14: =IF($A14="","",IF($K14="",1,0)) | T14: =IF($A14="","",IF(OR($L14="",$L14="Not done"),1,0)) | U14: =IF($A14="","",SUM($M14:$O14)) | V14: =IF($A14="","",SUM($P14:$R14)) | W14: =IF($A14="","",SUM($S14:$T14)) | X14: =IF($A14="","",SUM($U14:$W14)) | Y14: =IF($A14="","",IF($U14>0,"Urgent",IF($V14>0,"Warning",IF($W14>0,"Info","Closed")))) | Z14: =IF($A14="","",IF($M14=1,"Complete bone scan / SPECT",IF($N14=1,"Complete PSMA PET-CT",IF($O14=1,"Start bone protection plan",IF($P14=1,"Order DEXA",IF($Q14=1,"Order genomics",IF($R14=1,"Review ARSI intensification",IF($S14=1,"Schedule follow-up PSA",IF($T14=1,"Document psychosocial screening","No open gap"))))))))) | AA14: =IF($A14="","",IF($X14=0,"No open care gaps",$Y14&" priority · "&$Z14))
A15: =IF(Demographics_Entry!$A15="","",Demographics_Entry!$A15) | B15: =IF($A15="","",IFERROR(INDEX(Demographics_Entry!$E$5:$E$104,MATCH($A15,Demographics_Entry!$A$5:$A$104,0)),"")) | C15: =IF($A15="","",IFERROR(INDEX(Clinical_Entry!$U$5:$U$104,MATCH($A15,Clinical_Entry!$A$5:$A$104,0)),"")) | D15: =IF($A15="","",IFERROR(INDEX(Clinical_Entry!$W$5:$W$104,MATCH($A15,Clinical_Entry!$A$5:$A$104,0)),"")) | E15: =IF($A15="","",IFERROR(INDEX(Clinical_Entry!$Y$5:$Y$104,MATCH($A15,Clinical_Entry!$A$5:$A$104,0)),"")) | F15: =IF($A15="","",IFERROR(INDEX(Clinical_Entry!$Z$5:$Z$104,MATCH($A15,Clinical_Entry!$A$5:$A$104,0)),"")) | G15: =IF($A15="","",IFERROR(INDEX(Treatment_Entry!$AA$5:$AA$104,MATCH($A15,Treatment_Entry!$A$5:$A$104,0)),"")) | H15: =IF($A15="","",IFERROR(INDEX(Clinical_Entry!$AB$5:$AB$104,MATCH($A15,Clinical_Entry!$A$5:$A$104,0)),"")) | I15: =IF($A15="","",IFERROR(INDEX(Clinical_Entry!$AC$5:$AC$104,MATCH($A15,Clinical_Entry!$A$5:$A$104,0)),"")) | J15: =IF($A15="","",IFERROR(INDEX(Treatment_Entry!$K$5:$K$104,MATCH($A15,Treatment_Entry!$A$5:$A$104,0)),"")) | K15: =IF($A15="","",IFERROR(INDEX(Treatment_Entry!$AC$5:$AC$104,MATCH($A15,Treatment_Entry!$A$5:$A$104,0)),"")) | L15: =IF($A15="","",IFERROR(INDEX(Treatment_Entry!$AE$5:$AE$104,MATCH($A15,Treatment_Entry!$A$5:$A$104,0)),"")) | M15: =IF($A15="","",IF(AND($E15="Not done",OR($C15="High",$C15="Very High / Locally Advanced",LEFT($C15,2)="M1")),1,0)) | N15: =IF($A15="","",IF(AND($F15="Not done",OR($C15="High",$C15="Very High / Locally Advanced")),1,0)) | O15: =IF($A15="","",IF($G15="Not started",1,0)) | P15: =IF($A15="","",IF($H15="Not done",1,0)) | Q15: =IF($A15="","",IF($I15="Not done",1,0)) | R15: =IF($A15="","",IF(AND($D15="Hormone-sensitive (HSPC)",$C15="High",$J15="Not initiated"),1,0)) | S15: =IF($A15="","",IF($K15="",1,0)) | T15: =IF($A15="","",IF(OR($L15="",$L15="Not done"),1,0)) | U15: =IF($A15="","",SUM($M15:$O15)) | V15: =IF($A15="","",SUM($P15:$R15)) | W15: =IF($A15="","",SUM($S15:$T15)) | X15: =IF($A15="","",SUM($U15:$W15)) | Y15: =IF($A15="","",IF($U15>0,"Urgent",IF($V15>0,"Warning",IF($W15>0,"Info","Closed")))) | Z15: =IF($A15="","",IF($M15=1,"Complete bone scan / SPECT",IF($N15=1,"Complete PSMA PET-CT",IF($O15=1,"Start bone protection plan",IF($P15=1,"Order DEXA",IF($Q15=1,"Order genomics",IF($R15=1,"Review ARSI intensification",IF($S15=1,"Schedule follow-up PSA",IF($T15=1,"Document psychosocial screening","No open gap"))))))))) | AA15: =IF($A15="","",IF($X15=0,"No open care gaps",$Y15&" priority · "&$Z15))
A16: =IF(Demographics_Entry!$A16="","",Demographics_Entry!$A16) | B16: =IF($A16="","",IFERROR(INDEX(Demographics_Entry!$E$5:$E$104,MATCH($A16,Demographics_Entry!$A$5:$A$104,0)),"")) | C16: =IF($A16="","",IFERROR(INDEX(Clinical_Entry!$U$5:$U$104,MATCH($A16,Clinical_Entry!$A$5:$A$104,0)),"")) | D16: =IF($A16="","",IFERROR(INDEX(Clinical_Entry!$W$5:$W$104,MATCH($A16,Clinical_Entry!$A$5:$A$104,0)),"")) | E16: =IF($A16="","",IFERROR(INDEX(Clinical_Entry!$Y$5:$Y$104,MATCH($A16,Clinical_Entry!$A$5:$A$104,0)),"")) | F16: =IF($A16="","",IFERROR(INDEX(Clinical_Entry!$Z$5:$Z$104,MATCH($A16,Clinical_Entry!$A$5:$A$104,0)),"")) | G16: =IF($A16="","",IFERROR(INDEX(Treatment_Entry!$AA$5:$AA$104,MATCH($A16,Treatment_Entry!$A$5:$A$104,0)),"")) | H16: =IF($A16="","",IFERROR(INDEX(Clinical_Entry!$AB$5:$AB$104,MATCH($A16,Clinical_Entry!$A$5:$A$104,0)),"")) | I16: =IF($A16="","",IFERROR(INDEX(Clinical_Entry!$AC$5:$AC$104,MATCH($A16,Clinical_Entry!$A$5:$A$104,0)),"")) | J16: =IF($A16="","",IFERROR(INDEX(Treatment_Entry!$K$5:$K$104,MATCH($A16,Treatment_Entry!$A$5:$A$104,0)),"")) | K16: =IF($A16="","",IFERROR(INDEX(Treatment_Entry!$AC$5:$AC$104,MATCH($A16,Treatment_Entry!$A$5:$A$104,0)),"")) | L16: =IF($A16="","",IFERROR(INDEX(Treatment_Entry!$AE$5:$AE$104,MATCH($A16,Treatment_Entry!$A$5:$A$104,0)),"")) | M16: =IF($A16="","",IF(AND($E16="Not done",OR($C16="High",$C16="Very High / Locally Advanced",LEFT($C16,2)="M1")),1,0)) | N16: =IF($A16="","",IF(AND($F16="Not done",OR($C16="High",$C16="Very High / Locally Advanced")),1,0)) | O16: =IF($A16="","",IF($G16="Not started",1,0)) | P16: =IF($A16="","",IF($H16="Not done",1,0)) | Q16: =IF($A16="","",IF($I16="Not done",1,0)) | R16: =IF($A16="","",IF(AND($D16="Hormone-sensitive (HSPC)",$C16="High",$J16="Not initiated"),1,0)) | S16: =IF($A16="","",IF($K16="",1,0)) | T16: =IF($A16="","",IF(OR($L16="",$L16="Not done"),1,0)) | U16: =IF($A16="","",SUM($M16:$O16)) | V16: =IF($A16="","",SUM($P16:$R16)) | W16: =IF($A16="","",SUM($S16:$T16)) | X16: =IF($A16="","",SUM($U16:$W16)) | Y16: =IF($A16="","",IF($U16>0,"Urgent",IF($V16>0,"Warning",IF($W16>0,"Info","Closed")))) | Z16: =IF($A16="","",IF($M16=1,"Complete bone scan / SPECT",IF($N16=1,"Complete PSMA PET-CT",IF($O16=1,"Start bone protection plan",IF($P16=1,"Order DEXA",IF($Q16=1,"Order genomics",IF($R16=1,"Review ARSI intensification",IF($S16=1,"Schedule follow-up PSA",IF($T16=1,"Document psychosocial screening","No open gap"))))))))) | AA16: =IF($A16="","",IF($X16=0,"No open care gaps",$Y16&" priority · "&$Z16))
... A104: =IF(Demographics_Entry!$A104="","",Demographics_Entry!$A104) | B104: =IF($A104="","",IFERROR(INDEX(Demographics_Entry!$E$5:$E$104,MATCH($A104,Demographics_Entry!$A$5:$A$104,0)),"")) | C104: =IF($A104="","",IFERROR(INDEX(Clinical_Entry!$U$5:$U$104,MATCH($A104,Clinical_Entry!$A$5:$A$104,0)),"")) | D104: =IF($A104="","",IFERROR(INDEX(Clinical_Entry!$W$5:$W$104,MATCH($A104,Clinical_Entry!$A$5:$A$104,0)),"")) | E104: =IF($A104="","",IFERROR(INDEX(Clinical_Entry!$Y$5:$Y$104,MATCH($A104,Clinical_Entry!$A$5:$A$104,0)),"")) | F104: =IF($A104="","",IFERROR(INDEX(Clinical_Entry!$Z$5:$Z$104,MATCH($A104,Clinical_Entry!$A$5:$A$104,0)),"")) | G104: =IF($A104="","",IFERROR(INDEX(Treatment_Entry!$AA$5:$AA$104,MATCH($A104,Treatment_Entry!$A$5:$A$104,0)),"")) | H104: =IF($A104="","",IFERROR(INDEX(Clinical_Entry!$AB$5:$AB$104,MATCH($A104,Clinical_Entry!$A$5:$A$104,0)),"")) | I104: =IF($A104="","",IFERROR(INDEX(Clinical_Entry!$AC$5:$AC$104,MATCH($A104,Clinical_Entry!$A$5:$A$104,0)),"")) | J104: =IF($A104="","",IFERROR(INDEX(Treatment_Entry!$K$5:$K$104,MATCH($A104,Treatment_Entry!$A$5:$A$104,0)),"")) | K104: =IF($A104="","",IFERROR(INDEX(Treatment_Entry!$AC$5:$AC$104,MATCH($A104,Treatment_Entry!$A$5:$A$104,0)),"")) | L104: =IF($A104="","",IFERROR(INDEX(Treatment_Entry!$AE$5:$AE$104,MATCH($A104,Treatment_Entry!$A$5:$A$104,0)),"")) | M104: =IF($A104="","",IF(AND($E104="Not done",OR($C104="High",$C104="Very High / Locally Advanced",LEFT($C104,2)="M1")),1,0)) | N104: =IF($A104="","",IF(AND($F104="Not done",OR($C104="High",$C104="Very High / Locally Advanced")),1,0)) | O104: =IF($A104="","",IF($G104="Not started",1,0)) | P104: =IF($A104="","",IF($H104="Not done",1,0)) | Q104: =IF($A104="","",IF($I104="Not done",1,0)) | R104: =IF($A104="","",IF(AND($D104="Hormone-sensitive (HSPC)",$C104="High",$J104="Not initiated"),1,0)) | S104: =IF($A104="","",IF($K104="",1,0)) | T104: =IF($A104="","",IF(OR($L104="",$L104="Not done"),1,0)) | U104: =IF($A104="","",SUM($M104:$O104)) | V104: =IF($A104="","",SUM($P104:$R104)) | W104: =IF($A104="","",SUM($S104:$T104)) | X104: =IF($A104="","",SUM($U104:$W104)) | Y104: =IF($A104="","",IF($U104>0,"Urgent",IF($V104>0,"Warning",IF($W104>0,"Info","Closed")))) | Z104: =IF($A104="","",IF($M104=1,"Complete bone scan / SPECT",IF($N104=1,"Complete PSMA PET-CT",IF($O104=1,"Start bone protection plan",IF($P104=1,"Order DEXA",IF($Q104=1,"Order genomics",IF($R104=1,"Review ARSI intensification",IF($S104=1,"Schedule follow-up PSA",IF($T104=1,"Document psychosocial screening","No open gap"))))))))) | AA104: =IF($A104="","",IF($X104=0,"No open care gaps",$Y104&" priority · "&$Z104))

Sheet Demographics_Entry
A1: Demographics Entry
A2: One row per patient. Use this sheet first, then reuse the same unique patient code across the other tabs. No direct personal identifiers are captured.
A4: Unique Patient Code * | B4: Registry Enrolment Date | C4: Age at Diagnosis (years) * | D4: Language Preference | E4: Healthcare Coverage * | F4: Referring Hospital / Centre | G4: Referral Source | H4: State | I4: Travel Distance to Centre (km) | J4: Religion | K4: Marital Status | L4: Education | M4: Occupation | N4: Tobacco Use
A5: PCR-001 | B5: 46034 | C5: 68 | D5: Hindi | E5: CGHS | F5: AIIMS New Delhi | G5: Government Hospital / OPD | H5: Delhi | I5: 24
A6: PCR-002 | B6: 45918 | C6: 72 | D6: English | E6: Private Insurance | F6: Tata Memorial Centre, Mumbai | G6: Private Urologist | H6: Maharashtra | I6: 180
A7: PCR-003 | B7: 45936 | C7: 64 | D7: Tamil | E7: PMJAY (Ayushman Bharat) | F7: CMC Vellore | G7: Government Hospital / OPD | H7: Tamil Nadu | I7: 96
A8: PCR-004 | B8: 45641 | C8: 70 | D8: Hindi | E8: Self-pay | F8: SGPGI Lucknow | G8: District Cancer Centre | H8: Uttar Pradesh | I8: 320

Sheet Clinical_Entry
A1: Clinical Entry
A2: One row per patient. Multi-select chip groups are normalized into Yes / No columns so the clinical form remains Excel-friendly.
A4: Unique Patient Code * | B4: Date of Diagnosis | C4: Primary Complaint | D4: Duration | E4: IPSS Score | F4: Bowel / Rectal Symptoms | G4: DRE Findings * | H4: Prostate Volume (TRUS / MRI cc) | I4: Biopsy Date | J4: Biopsy Type | K4: PI-RADS Score (mpMRI) | L4: Gleason Score | M4: ISUP Grade Group | N4: Cores Positive / Total | O4: % Core Involvement | P4: Perineural Invasion | Q4: ECE (Extracapsular Extension) | R4: Clinical T Stage * | S4: N Stage | T4: M Stage | U4: EAU Risk Category | V4: ECOG Performance Status | W4: Castration Status | X4: mpMRI Pelvis | Y4: Bone Scan / SPECT | Z4: PSMA PET-CT | AA4: CT Abdomen / Pelvis | AB4: DEXA Bone Density | AC4: Germline / Somatic Testing | AD4: Active Comorbidity: Type 2 Diabetes | AE4: Active Comorbidity: Hypertension | AF4: Active Comorbidity: CAD / IHD | AG4: Active Comorbidity: CKD (Stage) | AH4: Active Comorbidity: COPD | AI4: Active Comorbidity: Stroke / TIA | AJ4: Active Comorbidity: Anaemia | AK4: Active Comorbidity: Osteoporosis | AL4: Active Comorbidity: None significant | AM4: Family History: Prostate Ca (first-degree) | AN4: Family History: Breast Ca (family) | AO4: Family History: Ovarian cancer | AP4: Family History: Colon cancer | AQ4: Family History: Pancreatic cancer | AR4: Family History: None known | AS4: Imaging Response (PCWG3 / RECIST)
A5: PCR-001 | B5: 45981 | C5: LUTS (Lower urinary tract symptoms) | D5: 8 months | E5: 20–35 (Severe) | F5: None | G5: Nodule – bilateral | H5: 48 | I5: 45996 | J5: 12-core TRUS biopsy | K5: PI-RADS 5 | L5: 4+5=9 | M5: Grade 5 (≥4+5) | N5: 10 / 12 | O5: 78 | P5: Present | Q5: Present (radiological) | R5: cT3a | S5: cN0 | T5: cM0 | U5: High | V5: 1 – Restricted strenuous activity | W5: Hormone-sensitive (HSPC) | X5: Done — abnormal | Y5: Not done | Z5: Not done | AA5: Done — lymphadenopathy | AB5: Not done | AC5: Not done | AD5: Yes | AE5: Yes | AF5: No | AG5: No | AH5: No | AI5: No | AJ5: No | AK5: No | AL5: No | AM5: No | AN5: Yes | AO5: No | AP5: No | AQ5: No | AR5: No
A6: PCR-002 | B6: 45894 | C6: Bone pain / backache | D6: 3 months | E6: 8–19 (Moderate) | F6: None | G6: Induration / fixity | H6: 55 | I6: 45899 | J6: MRI-targeted / Fusion biopsy | K6: PI-RADS 5 | L6: 5+4=9 | M6: Grade 5 (≥4+5) | N6: 11 / 12 | O6: 90 | P6: Present | Q6: Present (radiological) | R6: cT3b | S6: cN1 | T6: M1b (Bone mets) | U6: M1 – Metastatic HSPC | V6: 1 – Restricted strenuous activity | W6: Hormone-sensitive (HSPC) | X6: Done — abnormal | Y6: Done — bone metastases present | Z6: Done — distant metastases | AA6: Done — lymphadenopathy | AB6: Osteopenia (T −1 to −2.5) | AC6: BRCA1/2 — negative | AD6: No | AE6: Yes | AF6: Yes | AG6: No | AH6: No | AI6: No | AJ6: No | AK6: No | AL6: No | AM6: No | AN6: No | AO6: No | AP6: No | AQ6: No | AR6: Yes
A7: PCR-003 | B7: 45912 | C7: Incidental PSA elevation | D7: 2 months | E7: 0–7 (Mild) | F7: None | G7: Nodule – unilateral | H7: 42 | I7: 45918 | J7: 12-core TRUS biopsy | K7: PI-RADS 4 | L7: 4+4=8 | M7: Grade 4 (4+4) | N7: 8 / 12 | O7: 66 | P7: Absent | Q7: Absent | R7: cT2c | S7: cN0 | T7: cM0 | U7: Very High / Locally Advanced | V7: 0 – Fully active | W7: Hormone-sensitive (HSPC) | X7: Done — abnormal | Y7: Done — no metastases | Z7: Done — pelvic nodal uptake | AA7: Done — normal | AB7: Not done | AC7: Pending | AD7: No | AE7: No | AF7: No | AG7: No | AH7: No | AI7: No | AJ7: No | AK7: No | AL7: Yes | AM7: No | AN7: No | AO7: No | AP7: No | AQ7: No | AR7: Yes
A8: PCR-004 | B8: 45085 | C8: Haematuria | D8: 5 months | E8: 8–19 (Moderate) | F8: Constipation | G8: Induration / fixity | H8: 61 | I8: 45091 | J8: TURP chips | K8: Not done | L8: 4+3=7 | M8: Grade 3 (4+3) | N8: TURP chips positive | O8: 60 | P8: Not assessed | Q8: Not assessed | R8: cT3b | S8: cN1 | T8: M1c (Visceral mets) | U8: M1 – Metastatic HSPC | V8: 2 – Ambulatory, self-care only | W8: Castration-resistant (CRPC) | X8: Not done | Y8: Done — bone metastases present | Z8: Done — distant metastases | AA8: Done — lymphadenopathy | AB8: Osteoporosis (T-score < −2.5) | AC8: HRR mutation (non-BRCA) | AD8: Yes | AE8: No | AF8: No | AG8: Yes | AH8: No | AI8: No | AJ8: Yes | AK8: No | AL8: No | AM8: No | AN8: No | AO8: No | AP8: No | AQ8: Yes | AR8: No

Sheet Treatment_Entry
A1: Treatment Entry
A2: One row per patient. This sheet captures intent, MDT status, systemic therapy, radiotherapy, bone-health, tolerability, and follow-up controls.
A4: Unique Patient Code * | B4: Treatment Intent | C4: MDT / Tumour Board Status | D4: Date of MDT Review | E4: Clinical Trial Eligibility | F4: Treatment Start Date | G4: ADT Type | H4: Formulation / Dose | I4: ADT Start Date | J4: Anti-androgen | K4: ARSI Intensification | L4: Testosterone Level | M4: Chemotherapy Regimen | N4: Number of Cycles Completed | O4: Last Cycle Date | P4: RT Indication | Q4: RT Status | R4: RT Modality | S4: Target Volume | T4: Dose / Fractionation | U4: RT Facility | V4: Planned RT Start Date | W4: RT Completion Date | X4: CGHS Pre-auth Status | Y4: CGHS Request Date | Z4: CGHS Approval Date | AA4: Bone Protection Therapy * | AB4: Calcium & Vitamin D | AC4: Next Follow-up PSA Date | AD4: Testosterone Monitoring | AE4: Psychosocial Screening (PHQ-9) | AF4: Nutritional Assessment | AG4: Safety / Side Effects Observed | AH4: Surgery Type | AI4: Surgery Date | AJ4: Radioligand Therapy | AK4: Radioligand Cycles Completed | AL4: Radioligand Dose per Cycle | AM4: Radioligand Last Cycle Date
A5: PCR-001 | B5: Curative | C5: Pending review | E5: Not screened | F5: 46040 | G5: LHRH Agonist (Goserelin / Zoladex) | H5: Goserelin 10.8 mg (3-monthly) | I5: 46040 | J5: Bicalutamide 50 mg OD (flare cover) | K5: Not initiated | L5: 84 | M5: Not indicated / Not started | N5: 0 | P5: Planned — awaiting CGHS approval | Q5: Planned | R5: IMRT / VMAT | S5: Prostate + Whole Pelvis | T5: 60 Gy / 20 fx (moderate hypofractionation) | U5: AIIMS New Delhi | V5: 46063 | X5: Pending | Y5: 46044 | AA5: Not started | AB5: Not prescribed | AD5: Not checked this cycle | AE5: Not done | AF5: At risk — dietitian referral made | AG5: Hot flashes and fatigue after ADT initiation.
A6: PCR-002 | B6: Palliative / Symptomatic | C6: Reviewed — plan agreed | D6: 45902 | E6: Eligible — under screening | F6: 45905 | G6: GnRH Antagonist (Degarelix / Firmagon) | I6: 45905 | J6: None | K6: Abiraterone + Prednisone (Zytiga / generic) | L6: 22 | M6: Not indicated / Not started | N6: 0 | P6: Not planned | Q6: Completed | R6: 3D-CRT | U6: Tata Memorial Centre | V6: 45920 | W6: 45930 | X6: Not required | AA6: Zoledronic acid 4 mg IV q3m | AB6: Calcium 500 mg + Vit D3 1000 IU OD | AC6: 46223 | AD6: Castrate confirmed (<50 ng/dL) | AE6: Minimal (0–4) | AF6: Normal | AG6: Mild ankle edema on abiraterone; blood pressure monitored.
A7: PCR-003 | B7: Curative | C7: Reviewed — plan agreed | D7: 45925 | E7: Not screened | F7: 45932 | G7: LHRH Agonist (Leuprolide / Lupride) | H7: Leuprolide 22.5 mg depot (3-monthly) | I7: 45932 | J7: Bicalutamide 50 mg OD (flare cover) | K7: Not initiated | L7: 31 | M7: Not indicated / Not started | N7: 0 | P7: Definitive RT (prostate ± LN) | Q7: Completed | R7: IMRT / VMAT | S7: Prostate + Whole Pelvis | T7: 60 Gy / 20 fx (moderate hypofractionation) | U7: AIIMS New Delhi | V7: 45962 | W7: 45990 | X7: Not required | AA7: Not started | AB7: Calcium 500 mg + Vit D3 1000 IU OD | AC7: 46228 | AD7: Castrate confirmed (<50 ng/dL) | AE7: Mild (5–9) | AF7: Normal | AG7: Urinary urgency during RT, now improving.
A8: PCR-004 | B8: Palliative / Symptomatic | C8: Reviewed — plan agreed | D8: 46152 | E8: Eligible — under screening | F8: 45097 | G8: Bilateral orchidectomy | J8: None | K8: Enzalutamide (Xtandi) | L8: 18 | M8: Docetaxel → Cabazitaxel (sequential) | N8: 6 | O8: 46172 | P8: Palliative RT (bone mets) | Q8: Active / Ongoing | R8: 3D-CRT | U8: Govt. Regional Cancer Centre | V8: 46188 | X8: Not required | AA8: Denosumab 120 mg SC q4w | AB8: Calcium 1000 mg + Vit D3 OD | AC8: 46233 | AD8: Castrate confirmed (<50 ng/dL) | AE8: Moderate (10–14) | AF8: At risk — dietitian referral made | AG8: Grade 2 fatigue and peripheral neuropathy; cabazitaxel under consideration after docetaxel intolerance.

Sheet Outcomes_Entry
A1: Outcomes Entry
A2: One row per patient. This tab captures the outcome and follow-up markers used by the population outcomes section and summary cards.
A4: Unique Patient Code * | B4: Last Follow-up Date | C4: Best Response | D4: PSA Nadir Value | E4: PSA Nadir Date | F4: PSA Doubling Time | G4: Biochemical Recurrence Status | H4: Biochemical Recurrence Date | I4: CRPC Progression Status | J4: CRPC Progression Date | K4: RT Outcome Status | L4: Vital Status | M4: Date of Death | N4: Cause of Death | O4: Progression-Free Survival Date
A5: PCR-001 | B5: 46058 | C5: Not yet assessable | G5: Not assessed | I5: No CRPC progression documented | K5: Not yet assessed
A6: PCR-002 | B6: 46193 | C6: PSA response | D6: 0.8 | E6: 46127 | G6: No recurrence documented | I6: No CRPC progression documented | K6: Stable disease
A7: PCR-003 | B7: 46191 | C7: PSA response | D7: 0.3 | E7: 46101 | G7: No recurrence documented | I7: No CRPC progression documented | K7: Complete biochemical response
A8: PCR-004 | B8: 46201 | C8: Radiological progression | D8: 3.4 | E8: 45337 | F8: 4.2 | G8: No recurrence documented | I8: Progressed to CRPC | J8: 46001 | K8: Not yet assessed

Sheet PSA_History
A1: PSA History
A2: Repeating log: add one row per PSA entry for each unique patient code.
A4: Unique Patient Code * | B4: Date * | C4: PSA (ng/mL) | D4: Free PSA % | E4: PSA Density | F4: Context / Remarks
A5: PCR-001 | B5: 45976 | C5: 42.6 | D5: 9 | E5: 0.88 | F5: Diagnostic PSA prior to biopsy workup.
A6: PCR-001 | B6: 46032 | C6: 37.4 | D6: 10 | E6: 0.78 | F6: Pre-ADT repeat value.
A7: PCR-001 | B7: 46058 | C7: 18.2 | D7: 12 | E7: 0.42 | F7: Early response after ADT initiation.
A8: PCR-002 | B8: 45894 | C8: 96.4 | D8: 8 | E8: 1.75 | F8: Diagnostic PSA with metastatic presentation.
A9: PCR-002 | B9: 45945 | C9: 21.8 | D9: 11 | E9: 0.4 | F9: Post-ADT and ARSI response check.
A10: PCR-002 | B10: 46127 | C10: 0.8 | D10: 15 | E10: 0.02 | F10: PSA nadir.
A11: PCR-002 | B11: 46193 | C11: 1.1 | D11: 14 | E11: 0.03 | F11: Stable follow-up value.
A12: PCR-003 | B12: 45910 | C12: 28.1 | D12: 10 | E12: 0.67 | F12: Diagnostic PSA.
A13: PCR-003 | B13: 45992 | C13: 4.6 | D13: 13 | E13: 0.11 | F13: Post-RT early check.
A14: PCR-003 | B14: 46101 | C14: 0.3 | D14: 18 | E14: 0.01 | F14: PSA nadir.
A15: PCR-003 | B15: 46191 | C15: 0.5 | D15: 17 | E15: 0.01 | F15: Stable post-RT follow-up.
A16: PCR-004 | B16: 45087 | C16: 54.3 | D16: 7 | E16: 0.89 | F16: Baseline metastatic presentation.
... A19: PCR-004 | B19: 46201 | C19: 24.5 | D19: 8 | E19: 0.4 | F19: Latest progression review.

Sheet Journey_Events
A1: Journey Events
A2: Repeating log: add one row per event in the patient's journey timeline.
A4: Unique Patient Code * | B4: Event Type | C4: Event Date | D4: Notes
A5: PCR-001 | B5: Outpatient Visit | C5: 45976 | D5: Initial registry capture after referral and baseline PSA review.
A6: PCR-001 | B6: Biopsy / Procedure | C6: 45996 | D6: Diagnostic biopsy completed; grade group 5 disease documented.
A7: PCR-001 | B7: Treatment Initiation | C7: 46040 | D7: ADT started while RT approval remained pending.
A8: PCR-002 | B8: MDT Review | C8: 45902 | D8: Systemic-intensification pathway agreed for metastatic HSPC.
A9: PCR-002 | B9: Treatment Initiation | C9: 45905 | D9: ADT and abiraterone pathway initiated.
A10: PCR-002 | B10: Lab / PSA | C10: 46127 | D10: PSA nadir reached with ongoing pathway tolerance monitoring.
A11: PCR-003 | B11: Outpatient Visit | C11: 45912 | D11: Incidental PSA elevation workup opened in registry.
A12: PCR-003 | B12: MDT Review | C12: 45925 | D12: Curative ADT plus definitive RT plan confirmed.
A13: PCR-003 | B13: Treatment Change | C13: 45990 | D13: Definitive RT completed; follow-up surveillance phase entered.
A14: PCR-004 | B14: Treatment Change | C14: 46001 | D14: Progression to CRPC documented with pathway reassessment.
A15: PCR-004 | B15: Adverse Event | C15: 46164 | D15: Fatigue and peripheral neuropathy documented during later-line therapy.
A16: PCR-004 | B16: MDT Review | C16: 46152 | D16: Trial-screening route and next-line options reviewed.

Sheet Lab_Results
A1: Lab Results — PROPOSED (v3)
A2: Repeating rows. Reuse the same Unique Patient Code as Demographics_Entry.
A4: Unique Patient Code | B4: Date | C4: Test | D4: Value | E4: Unit | F4: Remarks

Sheet Adverse_Events
A1: Adverse Events — PROPOSED (v3)
A2: Repeating rows. Reuse the same Unique Patient Code as Demographics_Entry.
A4: Unique Patient Code | B4: Adverse Event | C4: CTCAE Grade | D4: Onset Date | E4: Related Treatment | F4: Action Taken

Sheet Bone_Events
A1: Bone Events — PROPOSED (v3)
A2: Repeating rows. Reuse the same Unique Patient Code as Demographics_Entry.
A4: Unique Patient Code | B4: Event Date | C4: Skeletal-Related Event

Sheet QoL_Assessments
A1: QoL Assessments — PROPOSED (v3)
A2: Repeating rows. Reuse the same Unique Patient Code as Demographics_Entry.
A4: Unique Patient Code | B4: Assessment Date | C4: Instrument | D4: Score

Sheet Healthcare_Contacts
A1: Healthcare Contacts — PROPOSED (v3)
A2: Repeating rows. Reuse the same Unique Patient Code as Demographics_Entry.
A4: Unique Patient Code | B4: Date | C4: Contact Type | D4: Length of Stay (days) | E4: Reason

Sheet Referrals
A1: Referrals — PROPOSED (v3)
A2: Repeating rows. Reuse the same Unique Patient Code as Demographics_Entry.
A4: Unique Patient Code | B4: Referral Date | C4: Service | D4: Status

Sheet Visits
A1: Visits — PROPOSED (v3)
A2: Repeating rows — the patient returns many times. Reuse the same Unique Patient Code.
A4: Unique Patient Code | B4: Visit Date | C4: Visit Type | D4: Seen By (clinician) | E4: Disease State at Visit | F4: Reason for Visit | G4: Visit Outcome | H4: Next Visit Due | I4: Notes

Sheet Treatment_Plans
A1: Treatment Plans — PROPOSED (v3)
A2: Repeating rows — the patient returns many times. Reuse the same Unique Patient Code.
A4: Unique Patient Code | B4: Plan Date | C4: Line of Therapy | D4: Treatment Intent | E4: MDT / Tumour Board Status | F4: Date of MDT Review | G4: Reason for This Plan | H4: Plan Status | I4: Plan Summary
